昵称,日期,评分,产品,评论
愛***姩,2026-03-22 19:36:16,5,已购 ⭐升级款（支持HUAWEI HiLink）,"外观：大小适中，小巧便携。4格分药，清晰明了，一个纽扣电池就可以用很久，非常棒。颜值与实用并存的智能药盒
性能：语音、灯光、微信三重提醒，暗示吃药准时不误，扫码添药便捷简单。服药记录可查，还能远程监护。操作简单，老人也能轻松上手，是日常用药管理的好帮手。"
青***子,2026-06-12 17:42:36,5,已购 ⭐升级款（支持HUAWEI HiLink）,一共七天的，用起来很方便，无异味，使用也方便快捷，提醒起来不会忘记，可以拆卸下来，选择几个都可以，颜色也很容易发现，能连通手机就更好了
骑***日,2026-06-11 10:17:48,5,已购 ⭐升级款（支持HUAWEI HiLink）,"京东自营商城买东西特别方便，价格也特别实惠，快递小哥服务态度很好，送货速度很快
这个药盒挺好的，有提醒功能，再也不怕忘了吃药了"
飘无双,2026-03-18 18:30:30,5,已购 ⭐升级款（支持HUAWEI HiLink）,不错，挺好，老人用起来很顺手*͈ᴗ͈ˬᴗ͈ෆ，以后出门也方便啦，不用再带着瓶瓶罐罐了，解放背包容量，用药更方便！赞一个，颜值也高
y***n,2026-03-23 15:05:16,5,已购 ⭐升级款（支持HUAWEI HiLink）,给爸妈买的，彻底解决了&ldquo;记不住、吃错药&rdquo;的难题。一周分装大容量，密封防潮。到点就亮灯+蜂鸣，声音够大老人能听见。最赞的是微信同步功能，爸妈吃没吃，我手机上一目了然，远程监护太省心了！
御***_,2026-03-26 21:11:48,5,已购 ⭐升级款（支持HUAWEI HiLink）,"入手了这款果实健康智能药盒，真的解决了我忘吃药的大难题！💊
&bull; 智能提醒超贴心：手机设置好服药时间，药盒会同步震动+灯光提醒，再也不用担心漏服、错服，家里老人用也很容易上手。
&bull; 小巧便携颜值高：体积不大，放包里、口袋里都很方便，简约的白绿配色看着很舒服，日常携带毫无负担。
&bull; 分区设计很实用：内部有独立药格，能分类存放不同药品，取药也很顺手，干净又卫生。
&bull; 操作简单易上手：连接手机APP的步骤很清晰，长辈也能轻松学会，日常管理用药情况一目了然。
整体用下来体验感拉满，不管是自己用还是送给家里长辈，都是很实用的健康小帮手，强烈推荐给需要规律服药的朋友们！👍"
逐风-追猎者,2026-03-08 02:38:16,5,已购 ⭐升级款（支持HUAWEI HiLink）,果实健康智能药盒小巧便携、分格清晰，防潮避光设计贴心。语音、灯光、微信三重提醒准时不误，扫码添药便捷，服药记录可查，还能远程监护。操作简单，老人也能轻松上手，是日常用药管理的好帮手。
放下万事空,2026-01-19 16:34:37,5,已购 ⭐升级款（支持HUAWEI HiLink）,买了这个智能分装药合，真是太方便了，以前老忘记了吃药，有这个智能药合分装清楚，再贴上药名，可以一目了然，心里踏实多了，药合还有吃药提醒，可以连接手机微信提醒功能，从此不再漏服吃药。
我的手太小,2026-01-11 11:07:02,5,已购 ⭐升级款（支持HUAWEI HiLink）,"1. 这款智能药盒太省心！定时提醒精准不遗漏，分格设计清晰防混药，小巧便携揣兜里就行。对需要长期服药的慢病患者特别友好，再也不怕忘吃药啦。
2. 颜值与实用并存的智能药盒，APP联动能记录服药情况，声光提醒超贴心。密封防潮做得好，分格容量够日常用药，给家里长辈用，省心又放心。
3. 性价比超高的智能药盒，操作简单老人也能轻松上手，定时震动提醒不扰人。分格可拆卸易清洗，续航给力充一次用好久，慢病管理好帮手！"
Aneu_X_,2026-02-17 21:27:26,5,已购 ⭐升级款（支持HUAWEI HiLink）,特别好用，还可以连微信有提醒到点儿的话，盒子会滴滴滴的响，如果不动它的话，它会停下，然后过一会儿再响响的时候还会亮灯，有效提醒自己，记得吃药非常适合需要经常按时吃药的人群推荐大家购买
愛***姩,2026-03-22 19:36:16,5,已购 ⭐升级款（支持HUAWEI HiLink）,"外观：大小适中，小巧便携。4格分药，清晰明了，一个纽扣电池就可以用很久，非常棒。颜值与实用并存的智能药盒
性能：语音、灯光、微信三重提醒，暗示吃药准时不误，扫码添药便捷简单。服药记录可查，还能远程监护。操作简单，老人也能轻松上手，是日常用药管理的好帮手。"
青***子,2026-06-12 17:42:36,5,已购 ⭐升级款（支持HUAWEI HiLink）,一共七天的，用起来很方便，无异味，使用也方便快捷，提醒起来不会忘记，可以拆卸下来，选择几个都可以，颜色也很容易发现，能连通手机就更好了
骑***日,2026-06-11 10:17:48,5,已购 ⭐升级款（支持HUAWEI HiLink）,"京东自营商城买东西特别方便，价格也特别实惠，快递小哥服务态度很好，送货速度很快
这个药盒挺好的，有提醒功能，再也不怕忘了吃药了"
飘无双,2026-03-18 18:30:30,5,已购 ⭐升级款（支持HUAWEI HiLink）,不错，挺好，老人用起来很顺手*͈ᴗ͈ˬᴗ͈ෆ，以后出门也方便啦，不用再带着瓶瓶罐罐了，解放背包容量，用药更方便！赞一个，颜值也高
y***n,2026-03-23 15:05:16,5,已购 ⭐升级款（支持HUAWEI HiLink）,给爸妈买的，彻底解决了&ldquo;记不住、吃错药&rdquo;的难题。一周分装大容量，密封防潮。到点就亮灯+蜂鸣，声音够大老人能听见。最赞的是微信同步功能，爸妈吃没吃，我手机上一目了然，远程监护太省心了！
御***_,2026-03-26 21:11:48,5,已购 ⭐升级款（支持HUAWEI HiLink）,"入手了这款果实健康智能药盒，真的解决了我忘吃药的大难题！💊
&bull; 智能提醒超贴心：手机设置好服药时间，药盒会同步震动+灯光提醒，再也不用担心漏服、错服，家里老人用也很容易上手。
&bull; 小巧便携颜值高：体积不大，放包里、口袋里都很方便，简约的白绿配色看着很舒服，日常携带毫无负担。
&bull; 分区设计很实用：内部有独立药格，能分类存放不同药品，取药也很顺手，干净又卫生。
&bull; 操作简单易上手：连接手机APP的步骤很清晰，长辈也能轻松学会，日常管理用药情况一目了然。
整体用下来体验感拉满，不管是自己用还是送给家里长辈，都是很实用的健康小帮手，强烈推荐给需要规律服药的朋友们！👍"
逐风-追猎者,2026-03-08 02:38:16,5,已购 ⭐升级款（支持HUAWEI HiLink）,果实健康智能药盒小巧便携、分格清晰，防潮避光设计贴心。语音、灯光、微信三重提醒准时不误，扫码添药便捷，服药记录可查，还能远程监护。操作简单，老人也能轻松上手，是日常用药管理的好帮手。
放下万事空,2026-01-19 16:34:37,5,已购 ⭐升级款（支持HUAWEI HiLink）,买了这个智能分装药合，真是太方便了，以前老忘记了吃药，有这个智能药合分装清楚，再贴上药名，可以一目了然，心里踏实多了，药合还有吃药提醒，可以连接手机微信提醒功能，从此不再漏服吃药。
我的手太小,2026-01-11 11:07:02,5,已购 ⭐升级款（支持HUAWEI HiLink）,"1. 这款智能药盒太省心！定时提醒精准不遗漏，分格设计清晰防混药，小巧便携揣兜里就行。对需要长期服药的慢病患者特别友好，再也不怕忘吃药啦。
2. 颜值与实用并存的智能药盒，APP联动能记录服药情况，声光提醒超贴心。密封防潮做得好，分格容量够日常用药，给家里长辈用，省心又放心。
3. 性价比超高的智能药盒，操作简单老人也能轻松上手，定时震动提醒不扰人。分格可拆卸易清洗，续航给力充一次用好久，慢病管理好帮手！"
Aneu_X_,2026-02-17 21:27:26,5,已购 ⭐升级款（支持HUAWEI HiLink）,特别好用，还可以连微信有提醒到点儿的话，盒子会滴滴滴的响，如果不动它的话，它会停下，然后过一会儿再响响的时候还会亮灯，有效提醒自己，记得吃药非常适合需要经常按时吃药的人群推荐大家购买
齿间魔法,2026-02-13 10:55:35,5,已购 ⭐升级款（支持HUAWEI HiLink）,给老爸买了这个智能分装药合，真是太方便了，以前老忘记了吃药，有这个智能药合分装清楚，再贴上药名，可以一目了然，心里踏实多了，药合还有吃药提醒，可以连接手机微信提醒功能，从此不再漏服吃药。
尊***板,2026-02-27 16:07:39,5,已购 ⭐升级款（支持HUAWEI HiLink）,【智能药盒超实用！】精准定时提醒，分装便捷不串味，APP联动操作简易，老人小孩都能用。材质安全，续航持久，出差旅行必备，吃药再不会忘！强烈推荐！！
璞爱惠研,2026-01-03 18:38:24,5,已购 ⭐升级款（支持HUAWEI HiLink）,果实健康智能药盒产品主打&ldquo;一周分装＋微信同步提醒&rdquo;，体积小巧、白色仓体，支持 HUAWEI HiLink，试试，应该不错
穆落,2026-02-24 07:45:21,5,已购 ⭐升级款（支持HUAWEI HiLink）,这个带微信提醒功能的药盒太实用了！按时吃药再也不用靠记忆，手机直接提醒，特别适合我这种经常忘记服药的人，推荐给需要规律用药的朋友。
4inlove,2026-01-14 06:13:43,5,已购 ⭐升级款（支持HUAWEI HiLink）,以后要开始长期吃药了，需要买个药盒最好带提醒功能的，看了半天选择了果实健康智能药盒，它是支持小程序的还可以这次华为HiLink，非常不错。
钱***5,2025-08-29 12:34:15,5,已购 标准款（微信提醒+同步家人）,京东购物便捷，供货速度快，品质和售后有保障。这款智能药盒做工精致，大小适中，功能完全可以满足我的要求，密封性，便携性都特别好。
j***5,2025-07-01 19:07:13,5,已购 ⭐升级款（支持HUAWEI HiLink）,看起来比较精致也比较实用，可以提醒上下午时间段按时服用，其实我主要是一些保健品，护肝片，鱼油，芹菜籽和维生素什么的，因为偶尔应酬喝酒加上尿酸高，需要调理，不过之前没有这个提醒的时候就动不动忘记了，现在能每天记得也就不浪费买的这些调理的东西了，挺好的，性价比也不错，推荐好评。
少言567,2025-10-24 18:13:43,5,已购 标准款（微信提醒+同步家人）,这是第二次购买这个小药盒，本人因为有基础病，n多年前就买了这个药盒，一直用到至今，太旧了，所以更换了新的小药盒比原来的大了一圈，装药量更大了，吃药提示依然是那么贴心，我会一直使用下去
向往双子的牛,2025-10-14 09:24:52,5,已购 ⭐升级款（支持HUAWEI HiLink）,非常好用的药盒，提醒很准时，还很省电，一个纽扣电池就可以用很久，非常棒，也不贵，非常值得推荐大家购买，再也不会忘了吃药了！
宝***安,2025-07-20 22:25:48,5,已购 ⭐升级款（支持HUAWEI HiLink）,这个智能药盒真的超级实用！方便携带药品💊，不用担心遗漏或过期的问题。设计简洁大方，材质也很棒，使用起来非常便捷。推荐给大家！👍
鱼***可,2025-12-04 12:06:04,5,已购 ⭐升级款（支持HUAWEI HiLink）,挺好的药盒，如果有一两个槽能合并就好了，毕竟把药剪下来放进去放不了多少，开了药放进去又和空气接触了不好，外观精致，使用感受极佳，产品质量超出预期，京东物流服务也很给力，五星好评。
A***y,2025-11-25 23:53:24,5,已购 ⭐升级款（支持HUAWEI HiLink）,做工还可以，4个小药仓，每个里面放15-20个左右的常规药粒可以的。1号仓旁边就是上电池的地方。 用小程序连蓝牙控制，设置好以后有不同的灯光提醒，到点会有滴滴滴的提示音，微信也可以收到提醒。
c***g,2025-11-03 14:59:09,5,已购 标准款（微信提醒+同步家人）,这个药盒有四个仓位，每个仓位可以单独设置不同的吃药时间和次数，和华为手机连接后很方便。提醒的声音大小适中。虽然仓位不是很大，但便于携带。非常推荐。
V***u,2025-06-14 21:21:59,5,已购 ⭐升级款（支持HUAWEI HiLink）,买过一个以后发现好用果断又入手了一个，再也不怕忘记吃补剂了，除了药盒自带的提醒还可以微信提醒，真的是太方便了
韵***唐,2025-07-19 22:30:13,5,已购 ⭐升级款（支持HUAWEI HiLink）,给家里的两个老人一人买了一个，因为家里老人一个有高血压，一个有糖尿病，而且还要吃一些嗯对心心脑血管比较有用的药，所以呢都要定时吃，尤其这个糖尿病的药。嗯，老人家之前呢吃饭之前老会忘记吃药，买了这个药盒以后呢，饭前就会提醒他吃药非常不错。
吉祥宝贝-,2025-09-03 17:42:56,5,已购 标准款（微信提醒+同步家人）,商品包装完好没有破损京东的配送速度很快小药盒质量很高而且还可以连接小程序非常的便捷微信也会提醒吃药非常的好会推荐给朋友和家里人购买
香蕉味的冰188,2026-01-17 09:25:26,5,已购 ⭐升级款（支持HUAWEI HiLink）,非常不错的药盒 会提醒我什么时候吃药 这下不用带着很多药片盒子跑来跑去了
A***債,2025-12-17 22:06:32,5,已购 ⭐升级款（支持HUAWEI HiLink）,设计合理，方便携带，提示灯很贴心
东***t,2020-12-05 10:14:06,3,已购 标准款（微信提醒+同步家人）,服务很好，方便智能，声音偏小
无敌森妈,2026-02-15 19:34:28,5,已购 ⭐升级款（支持HUAWEI HiLink）,用了几天了，感觉很不错，如果能出充电款就更好了。
j***8,2026-04-04 23:00:06,5,已购 ⭐升级款（支持HUAWEI HiLink）,儿子一直在用，还可以，对于总记不住吃药的人比较适合！
心韵朗朗,2026-03-08 22:05:46,5,已购 标准款（微信提醒+同步家人）,非常非常好太方便了，准时提醒，药物提示灯太好了！
小侠灬,2026-05-16 16:39:02,5,已购 ⭐升级款（支持HUAWEI HiLink）,很好用，能够准时提醒吃药
j***0,2026-05-31 09:15:24,5,已购 ⭐升级款（支持HUAWEI HiLink）,产品质量很好！很好用！推荐给经常忘记吃药的人！
j***d,2026-04-21 19:00:06,5,已购 ⭐升级款（支持HUAWEI HiLink）,宝贝收到了，药盒质量不错满意
l***l,2025-08-05 21:26:43,5,已购 标准款（微信提醒+同步家人）,外观小巧有设计感。定时功能准确。提醒按时吃药
别***饭,2025-07-10 23:25:04,5,已购 ⭐升级款（支持HUAWEI HiLink）,药盒很精致，也很智能，质感很好。
0***g,2025-11-04 09:38:27,5,已购 ⭐升级款（支持HUAWEI HiLink）,链接方便，提醒用药时间准确，使用效果好。
叫我斗战胜佛,2025-08-10 10:53:17,5,已购 ⭐升级款（支持HUAWEI HiLink）,家里老人做了手术要终身服药，怕忘了，买了这个提醒，确实有点用。不用每天都记着这个事
你***我,2025-07-26 08:46:13,5,已购 ⭐升级款（支持HUAWEI HiLink）,有声音和灯光提示，微信上也有公众号提示，感觉很不错。容量也很满意。
孤***5,2025-10-15 17:56:58,5,已购 ⭐升级款（支持HUAWEI HiLink）,很实用，家里人就不会忘记吃高血压药了！很不错！！！
智***_,2025-07-23 14:36:10,5,已购 ⭐升级款（支持HUAWEI HiLink）,好，好，好用，连接华为，方便快捷，
j***r,2025-11-24 06:38:38,5,已购 ⭐升级款（支持HUAWEI HiLink）,定时提醒吃药 再也不会忘记了 做工精致 环保卫生
V***u,2025-06-14 21:05:10,5,已购 ⭐升级款（支持HUAWEI HiLink）,为了家人按时吃药买的药盒，设定好服药计划到点提醒非常好，再也不怕忘记吃药了
Y***7,2025-07-12 21:08:37,5,已购 ⭐升级款（支持HUAWEI HiLink）,使用后很方便，手机微信准时提醒，不会再忘记吃药了。谢谢
梦想家0827,2025-11-17 12:08:05,5,已购 ⭐升级款（支持HUAWEI HiLink）,给姥姥买的 很方便 按时提醒她吃药
j***7,2026-03-16 14:41:11,5,已购 ⭐升级款（支持HUAWEI HiLink）,确实好用每次都吃药要么忘记了，要么时间错过了，有了这个盒子，每天都能准时吃
j***h,2022-03-02 23:30:32,3,已购 标准款（微信提醒+同步家人）,药盒不错，但是附赠的电池没电
j***e,2025-12-24 15:56:25,5,已购 ⭐升级款（支持HUAWEI HiLink）,原来多次忘吃药，用上这智能药盒后，在也忘不了啦，很实用的药盒
h***v,2026-01-25 17:27:50,5,已购 ⭐升级款（支持HUAWEI HiLink）,设置时间可以到时提醒，不错不错，提醒老人按时服药特别有用
v***p,2026-01-07 16:32:26,5,已购 ⭐升级款（支持HUAWEI HiLink）,连接手机方便，设置简单，方便使用
w***d,2020-12-29 12:04:35,5,已购 标准款（微信提醒+同步家人）,比女朋友的提醒都来的及时！可以说是非常实用了，时间到的时候，盒子会发出声音提醒，手机也会有提醒，如果你忘了，隔十分钟会再次提醒！如果你还是忘了，再次间隔十分钟依然有提醒，就是那种蜂鸣音，不会太大声让你感觉吵闹，值得入手！
3***9,2020-06-22 11:33:03,5,已购 标准款（微信提醒+同步家人）,很好的一款智能药盒，外观很漂亮，简介大方，材质很好，功能很全，可以做到声音和双重提醒，APP可以看到用药情况，药品说明等，不足是只有四个药盒，对于用药种类比较多的就没法使用了，建议在改进一下，增加到8个药格子，这样对于老年人用起来更方便。
等***望,2021-03-09 19:59:12,5,已购 标准款（微信提醒+同步家人）,宝贝收到了，质量很不错，包装精致，材质优秀，比想象中好，送礼自用非常合适，下次继续购买特别特别特别好，没有任何破损的地方，外观也好看，好评！
2***o,2020-12-02 21:44:46,5,已购 标准款（微信提醒+同步家人）,"药盒大小合适，无异味，很轻巧，外出携带方便。
内置空间也够大，一个月的药片都可以存。可以存不同的四种药。
提醒功能设置简单，声音也大小合适。"
h***k,2025-05-19 08:42:41,5,已购 ⭐升级款（支持HUAWEI HiLink）,第一次买这种智能药盒，这个牌子做工不错，发货也很快，蓝牙连接和绑定有插曲，但还是成功了，到时间声音提示很方便。就是添加药品扫描包装的条形码时，有的不能自动识别，只能手动增加。
家***1,2025-04-23 09:30:59,5,已购 ⭐升级款（支持HUAWEI HiLink）,因为要每天吃药，经常忘记自己有没有吃～经朋友介绍，特意买了这款吃药提醒～第二天就送到了～很方便～链接手机，如果药盒提醒没有听到，手机还会有提醒～唯一不太方便的就是要换电池的～如果是充电款就更好了～四个仓盒，够用了～
JamesKWD,2021-10-21 13:15:13,5,已购 标准款（微信提醒+同步家人）,"这玩意是我今年买到的最佳产品！
包装精美，产品装配的非常得好
适配手机过程简单易操作
产品除了美观意外，本身毫无异味，这点让我觉得很放心使用
这回再也不怕忘记这回事了！"
R***h,2020-08-25 16:09:17,5,已购 标准款（微信提醒+同步家人）,物流速度特别快，包装纸箱外观良好，打开之后每一件都是好好的，感谢快递小哥用心的配送，这款药品便携盒找好久了，因为品牌大用料好设计时尚又协调而特别喜欢，性价比特别好，这次庆点的价格特别棒立马出手了，非常愉快的一次购物经验。
j***3,2021-02-03 21:52:03,5,已购 标准款（微信提醒+同步家人）,非常漂亮的一款智能药盒，外观很养眼，简洁大方，材质很好，功能很全，可以做到声音和视觉双重提醒，APP可以看到用药情况，药品说明等，对于我整天忙的人用起来更方便。
j***t,2020-12-21 11:22:17,5,已购 标准款（微信提醒+同步家人）,物流非常快，包装严密！用做按时服药小助手，保护隐私到位，贴心提醒周到，方便实用，颜值也高！药仓4个一般使用足够啦~建议可出新款适当再多几个药仓，方便老年同志们使用
j***o,2021-08-10 14:14:45,5,已购 标准款（微信提醒+同步家人）,送给妈妈的礼物，非常好的小物件，小巧精致，可爱的很，设计理念新颖独特，手机能设置，关联起来蛮方便，最特别的是定时提醒功能，对于妈妈这种需要吃多种药的人来说真是极好的，也是特别需要的一个功能。药盒空间容量设计也很合理，用起来很顺手，妈妈非常喜欢，我很满意！
小***父,2021-05-26 01:25:29,5,已购 标准款（微信提醒+同步家人）,宝贝整体还不错，就是实际格子少了点，适合用药较少的人。其中的蓝牙捆绑手机还是比较方便的。京东自营上购买的，送货很快，提醒吃药还是很方便的，可以推荐一下。
f***1,2020-07-27 17:05:01,5,已购 标准款（微信提醒+同步家人）,用下来这个药盒还是很不错的，外观档次高，实用性很强，电池可以用好几个月。
P***e,2025-02-18 19:36:58,5,已购 ⭐升级款（支持HUAWEI HiLink）,很方便很好用的药盒，功能齐全，携带方便，分装也比较合理，有独立设置的提醒时间，还可以和华为手机互联，手机里面方便设置使用，推荐给大家
鸡***屁,2023-05-01 14:58:45,3,已购 ⭐升级款（支持HUAWEI HiLink）,买来闲置，因为天天要吃药，这款不实用。
剁***侠,2023-03-10 21:35:42,5,已购 标准款（微信提醒+同步家人）,无意中发现这个神奇的盒子。在好多app里面看了看评论。自己也有时候经常忘记吃药，所以准备入手一个。收到一看，原本以为很宽，因为盒子外包装很宽，打开一看里面，盒子小巧精致，里面四格，因为我平时吃的营养品，所以四个格子够用了。目前没发现缺点，用着挺美的。
秦轩668,2021-05-26 08:07:21,5,已购 标准款（微信提醒+同步家人）,物流速度给力，产品设计完美，精巧大方，使用起来也比较方便，家里老人因为慢性病需要长期服药，以前实在做不到24小时在身边提醒，总有忘记吃药现象发生，有了这款产品基本解决了此类问题，不错值得推荐，我一次买了两个
走***欢,2023-11-13 16:45:53,5,已购 ⭐升级款（支持HUAWEI HiLink）,不错的一款药盒。智能、方便、好用。之前已经用了很长一段时间了，新的药盒有改进，所以新买了一个。没得说，这款药盒对老年人尤其方便。
4***8,2021-04-07 20:55:12,5,已购 标准款（微信提醒+同步家人）,手感很好，拿起来很有质感，里面四个药盒空间也足够大，够装挺多药的。 使用也挺方便的，定时提醒，非常有效，声音也很大声，听得很清楚。要是再能有优惠就更好了。
5***b,2023-07-31 11:32:47,5,已购 ⭐升级款（支持HUAWEI HiLink）,使用了一段时间还不错，这款药盒尺寸很小，里面有分格子，外出携带很方便。药盒还可以设置闹钟提示，微信也有推送信息，这样就不会漏服药了。盒盖密封性希望能做好点，这回是第二次购买了，准备送朋友的。居然价格还涨价了，不厚道
木***月,2023-02-02 20:45:04,5,已购 ⭐升级款（支持HUAWEI HiLink）,挺不错的药盒，智能提醒很方便，不会让我强迫症发作，忘了有没有吃药，但是没有服药记录，这一点还是可以改进一下。大小比想象中的大一点，适合放在家里用。
y***_,2021-04-15 13:13:11,5,已购 标准款（微信提醒+同步家人）,"特别特别满意，超级好看，客服很有礼貌，很客气，良心商家，支持！
终于买到满意的商品了，超出期望，非常喜欢，身边的人都问我要链接
很实用，到时间提醒吃药，买了两个，给家里老人用，药盒空间很大，小药片的话，差不多能装一周的药。好评！"
打***虫,2021-03-12 14:42:41,5,已购 标准款（微信提醒+同步家人）,外观很简洁大方，里面分为四个小盒子，空间很大。所谓的智能主要体现在定时提醒上，声音不大，总体还不错；电池为纽扣电池，更换也方便。但是个人感觉100多的智能药盒作用仅体现在发声提醒等方面，还是有所欠缺，建议增加一个液晶显示屏，体现药量、保存环境等信息，增强产品的直观体验感。
收***克,2024-07-03 19:43:44,5,已购 ⭐升级款（支持HUAWEI HiLink）,拿到手就拆开了，做工挺精致的，但是电池的设计有丶不好用，不过也有视频教学就还好。总体来说比想象的大，容量中规中矩，但智惠生活里的功能太鸡肋了，害得在小程序使用才行
v***0,2021-08-01 10:00:10,5,已购 标准款（微信提醒+同步家人）,药盒太好用了，能装4种药品。准时提醒，非服药时间开仓会有红色指示灯条警示。到时开仓绿色灯条亮起，该服药的药仓绿色指示灯闪烁，避免错服药品。手机app同步，每次都有药物名称及药理作用和药量显示。体积小巧，携带方便，女士包包也hold住。
抹***蜜,2022-08-14 16:32:43,5,已购 标准款（微信提醒+同步家人）,发货速度挺慢的，下单了好几天后才发货。刚收到货就感冒了，正好用上，扫码录入服药信息挺方便的，到时就响，打开后就不响了，不打开的话一会还响。电池是2032纽扣电池。不知道能续航多久，如果有充电款就好了。
d***0,2022-02-10 10:07:13,5,已购 标准款（微信提醒+同步家人）,这大概是网购的最有用的东西了，总是忘记吃药的人非常适用，基本上能装得下一周的大胶囊，搭配智能手机，随时提醒记录，之前买的保健品好多都放过期了。而且体积设计很合理，方便携带
上***扬,2021-05-05 13:48:59,5,已购 标准款（微信提醒+同步家人）,刚好做活动，价格便宜了很多，性价比超高，真的特别划算。特别特别特别好，没有任何破损的地方，外观也好看，好评。这个颜色很喜欢，摸起来质感不错。
乾***酉,2024-10-20 22:36:44,5,已购 ⭐升级款（支持HUAWEI HiLink）,这个药盒我首发的时候买过一个 好久了都没有问题 这次买来给老人用 怕忘吃药 有提醒提醒过了没吃还会过一会再提醒 这个真的不错 还有这个药仓指示灯非常实用
钓***人,2023-12-21 22:04:41,5,已购 ⭐升级款（支持HUAWEI HiLink）,很适合年轻人用，外形简约，随时随地提醒吃药。药盒看着小，容量非常大。每个药盒可以单独设置吃药时间，非常人性化，提醒声音也很温和，不会让人尴尬。
Y***8,2022-06-13 12:19:38,5,已购 标准款（微信提醒+同步家人）,看了好多款感觉就这款的颜值打动我，呵呵呵。智能功能吧感觉有些鸡肋体验做的一般，就提醒功能感觉还好，脱离蓝牙也会提醒。单纯作为一个药盒我还是挺喜欢这个样子的。
汤***神,2020-11-10 20:52:25,5,已购 标准款（微信提醒+同步家人）,小巧可爱，白色看上去也很干净。盒子不大，可以装4种药，小的药片够2周以上，大的药片💊基本上是一周的量。药盒是电子的，可以设上时间，每天到点会响，提醒吃药，有闹钟的功能。闹铃时，药盒上有条线会亮，都是提醒功能。
k***l,2020-11-01 23:25:06,5,已购 标准款（微信提醒+同步家人）,手感很好，有声音提示，不用担心忘记吃药了，设置也很周到，药品名称可以自动识别，设置提醒时间，用量等，放在包里不占地方，而且找不到时候可以随时呼叫它
吾***尊,2021-08-27 18:01:26,5,已购 标准款（微信提醒+同步家人）,老人有四五种药吃，这个智能药盒有四个药仓，是以按照手机app给每个药仓设定提醒，整体设计还是非常简便，方便，快捷的。性价比很不错
j***3,2021-01-13 08:43:18,5,已购 标准款（微信提醒+同步家人）,产品设计很好，外观简洁又时尚，设计新颖，内部各个分割单独，避免混，每个都有提示，设计好后不依赖手机，单独能提醒，不错的设计，就是价格有点小贵，总体不错
C***J,2023-04-04 08:27:44,5,已购 ⭐升级款（支持HUAWEI HiLink）,设计的很漂亮，电池用的2032有点不环保改成可充电就好了，带分仓可以很好的分类药品最好能够有纸质卡片插槽便于老人查看药品名称，另外提醒声音应该再大一些看人家耳背太小听不见
Y***y,2022-09-27 07:19:00,5,已购 ⭐升级款（支持HUAWEI HiLink）,药盒很好，没有异味，智能提醒可以设置每个分药盒的三餐时间提示，特别是可以在华为智慧生活里操作，跟华为物联网加在一起，操作起来特别方便，推荐购买。
正***p,2020-12-17 14:18:56,5,已购 标准款（微信提醒+同步家人）,很好的一款智能药盒，外观很漂亮，简洁大方，材质很好，功能很全，可以做到声音和双重提醒app可以看到用药情况，药品说明等。
5***b,2023-07-10 08:11:45,5,已购 ⭐升级款（支持HUAWEI HiLink）,这款药盒很小巧携带方便，格子很大可以装不同的药。特别是跟手机绑定后，能通过闹钟提醒，手机上面也有提示，以后就不会忘记吃药了
霖***子,2021-05-12 14:03:53,5,已购 标准款（微信提醒+同步家人）,整体体验还是可以的，颜值不错，纯白色的外观看上去比较舒服。一共有四个槽，一般双休这种外出基本足够使用，还没开始用智能提醒相关的功能，对于我来说，还算满意。比较推荐。
胖***胖,2022-11-05 20:43:37,5,已购 ⭐升级款（支持HUAWEI HiLink）,空间分割可以更小一些。达到2天的带药量比较好。有提醒功能非常不错。不过仅限于盒子在附近。不太远的情况下。总体是款不错的盒子方便也够用。
j***W,2022-01-23 22:48:53,5,已购 标准款（微信提醒+同步家人）,小巧便携，分装实用，对我这种记性不太好的简直太好用了，时尚大气富含高科技，体验感简直了，强力推荐，特别适合那些长期吃保健品或者药物的。
舞***指,2021-02-10 13:37:58,5,已购 标准款（微信提醒+同步家人）,购买的第二个，自己买了一个觉得不错，又买了一个送朋友～颜色干净大方，携带方便，四个藏，出差的时候也够用了，提醒及时～很不错～
j***k,2021-06-05 07:14:07,5,已购 标准款（微信提醒+同步家人）,非常不错，链接手机，随时随地提醒吃药。药盒看着小，容量非常大。每个药盒可以单独设置吃药时间，非常人性化。信赖京东，下次接着购买！
a***n,2021-05-27 22:00:17,5,已购 标准款（微信提醒+同步家人）,"物流超级超级快！质量也非常不错，的确物有所值

缺点，用纽扣电池，后续费用太高。比较耗电。
希望可以有充电的，或者电用的比较久的。

整体很精致。是满意的一次购物，商家服务好，发货神速，物流也很给力，宝贝收到后非常喜欢，买得放心，用得安心。"
j***7,2020-11-20 15:42:39,5,已购 标准款（微信提醒+同步家人）,这个产品可以称得上是神器，家里老人身体不好，总是忘吃药，儿女也不能时刻守在身边提醒 况且我们自己有时候也会忘。有了这个神器以后再也不会忘吃药了。有四个舱，可以放四种药，足够用了
s***8,2023-02-15 16:24:33,5,已购 ⭐升级款（支持HUAWEI HiLink）,我是自用的，刚开始吃药，担心忘记买了这款。我手机是华为的直接就能连上。药盒容量对于我来说是够了，至少可以放一周的量，所以还是挺实用的。
K***子,2021-04-25 10:03:32,4,已购 标准款（微信提醒+同步家人）,"「物流」物流特别快，今天下单，第二天就到货了，很棒。
「包装」包装完好无损，没有任何破损。
「实用性」实用性很高，有4个药盒，还是够用的，点赞。
「不足」放小药丸不太合适，不太好取，大药丸可以的，没有问题。
总体来说还好。"
0***4,2020-11-14 13:18:13,5,已购 标准款（微信提醒+同步家人）,小身材，大容量，差不多能带一周的药片（颗粒相对小一点的），非常好用，提示音也非常清楚，赞👍一个
f***8,2023-08-19 15:40:52,5,已购 ⭐升级款（支持HUAWEI HiLink）,客服态度非常好，如果说她第二没有人会是第二，京东物流非常非常的快，在中国没有更快只有最快。宝贝很智能，解决了忘记吃药的问题了，非常好非常给力非常不错。
5***f,2025-04-11 20:54:14,5,已购 ⭐升级款（支持HUAWEI HiLink）,提醒按时用药小药盒确实不错，做工精细，四个药仓，大小合适 用手机设定四个药仓的提醒时间，不会忘记按时用药，真不错。送货很快，给京东点赞。
坏***0,2020-12-15 23:20:26,5,已购 标准款（微信提醒+同步家人）,不错，很贴心，很好用的智能药盒，药太多的时候，不用去想吃没吃，吃多少了。
丁***超,2021-05-23 20:49:44,5,已购 标准款（微信提醒+同步家人）,"非常的好，随身携带方便，密封性也很好。
仓格很大，可以放一些大型的药丸，就是仓格数量仅有4个，有点少了哦。
还有，连接手机后，可以定时吃药！"
元***满,2022-02-13 15:35:41,5,已购 标准款（微信提醒+同步家人）,药盒设计不错，不过老人用的话，建议药盒分隔的多一些，电池不知都能用多久，感觉中青年更适合一些，携带挺方便，还是习惯点个赞吧。
f***4,2022-10-15 18:29:30,5,已购 ⭐升级款（支持HUAWEI HiLink）,这款智能药盒用起来太方便啦，这回不用惦记每种药几点服用了，手机里面设置好各种药品的时间，到时候就可以自动提醒，真的太方便了
李寻欢Tor,2021-01-22 20:04:25,5,已购 标准款（微信提醒+同步家人）,这个是为妈妈购买的，妈妈说非常好用，因为有提示功能，每次忘记吃药这个便会发出提示的声音，特别人性化。而且该吃那个药都会有灯光提示，非常非常完美。推荐，强烈推荐。
萤***6,2023-04-13 12:11:40,5,已购 ⭐升级款（支持HUAWEI HiLink）,很好用，每次吃药都有声音提醒，也有专门用的软件，在微信小程序上面果实智能药盒就可以查看，还有服药记录，很方便。
糖***2,2020-12-20 00:37:12,5,已购 标准款（微信提醒+同步家人）,很实用，已经给父母配备了，四个药盒基本能把重要的药覆盖住，但有些保健药就没有地方放了。总感觉可以再利用下空间，不过总体已经很优秀。操作也算方便，不知道纽扣电池可以支撑多久
塔***风,2022-04-18 09:42:34,5,已购 ⭐升级款（支持HUAWEI HiLink）,好用，非常好用，第一次用这个牌子。药苍布局合理，使用方便简单。
C***8,2024-05-27 09:05:52,5,已购 标准款（微信提醒+同步家人）,老人吃药老忘，有了这个便携的提醒器，出门在外在也不怕了。真的太方便了，还有就是京东小哥，直接送到病房，京东小哥就是快！！！
士***试,2023-01-20 20:37:30,5,已购 ⭐升级款（支持HUAWEI HiLink）,测试过了，还真不错。设置好了时间，断掉蓝牙也能到期提醒。放在饮水机旁边，老人高血压听到时间，就不会忘记吃了，孩子听到了也能提醒一下。
大***u,2020-06-27 17:25:17,5,已购 标准款（微信提醒+同步家人）,发货挺快的，东西还可以，设置好时间以后到点会提醒，有灯光，大小适中吧，做工感觉一般，外观不耐磨，我买来放维生素保健品的，容量还可以，外观挺好看，手感也不错，总体来说还可以吧，价格也还行，活动的时候购买的。
y***3,2022-02-27 23:00:34,5,已购 标准款（微信提醒+同步家人）,送给老人的，他很喜欢，不过对于老人来说，绑定有些困难，能提醒吃药，是个不错的工具，高血压人士还是很方便的，出门带着比较小巧。
z***6,2021-12-09 09:41:29,5,已购 标准款（微信提醒+同步家人）,很不错的药盒，就是不知道电量能使用多久，毕竟只是纽扣电池。另外要是有计时就好了，只能设置固定时间吃药，毕竟吃饭时间不一定是固定的。
j***m,2023-01-27 18:52:11,5,已购 标准款（微信提醒+同步家人）,宝贝收到了，质量一如既往很不错。之前买过这家出品的眼部湿敷仪，用得不错。包装精致，材质优秀，比想象中好，送礼自用非常合适，下次继续购买。
x***p,2023-05-22 07:31:35,5,已购 ⭐升级款（支持HUAWEI HiLink）,"父母用药，寻找更简单直观有保障的智能药盒中，这款还没使用，过段时间继续追评，外观是比较便捷小巧的，提几个建议，如果有智能药盒品牌商能考虑这几点相信还是会走很大需求的。
1.最好有一周七天一天四盒容量的药盒，毕竟一次性准备方便，老人用药量多。即考虑家用版和便捷版。
2.电池或是充电都具备，没电提醒、吃药提醒要大声，甚至可添加人录音更能满足多样应用场景也避免电池没了漏食药的风险。"
探***8,2022-01-24 15:14:58,5,已购 标准款（微信提醒+同步家人）,非常不错的东西，为了买药盒也是费了不少心思，既要能够防潮，也要有提醒功能，虽然手机也可以设置提醒，但是还是不够直观，买了这个试一下，应该不错的。
c***e,2022-05-12 23:46:34,5,已购 标准款（微信提醒+同步家人）,这个真的挺好 对于总是忘了按时服药的人来说真的是福音 到点了闪灯 蜂鸣 加上手机推送提醒吃药  非服药时间会亮红灯 该吃哪个药 药仓亮绿灯 打开错了会亮红灯 很有心思哦 不过希望以后能开发只有手机推送的提醒 就更人性化一些啦
J***o,2024-04-15 16:28:34,5,已购 ⭐升级款（支持HUAWEI HiLink）,非常好用，在 app里设置好以后，到时间提醒吃药，并且吃哪种药盒子里的分区灯都会闪烁，如果没到时间打开了盒子，会闪烁红灯，提醒未到吃药时间。
j***0,2024-10-26 11:29:19,5,已购 ⭐升级款（支持HUAWEI HiLink）,这个药盒非常实用，可以与手机APP直接连接。它可以帮助你提醒何时服药，还可以细分早晚各需要吃多少颗药。所有药名都可以编辑在APP中，到点时APP会提醒你服用药物及数量。这是一个值得拥有的药盒。
y***_,2021-04-10 09:24:09,5,已购 标准款（微信提醒+同步家人）,"东西不错，还有优惠，可以放心省钱购买，不要犹豫了
物美价廉，物流给力，值得回购
非常值得信赖的品牌，质量有保障，价格还亲民，相当满意
到货就迫不及待打开了，果真没有让我失望，质量特别好，颜值也相当高，满意的一次购物"
成***负,2023-04-16 19:22:32,5,已购 ⭐升级款（支持HUAWEI HiLink）,很好看，制作工艺很精美，材质也很好！给个赞！宝贝与描述基本一致，发货很快，解决了我经常忘记吃药的痛点。大品牌！值得信赖的！效果超级好！
綠***徒,2021-10-03 20:13:52,5,已购 标准款（微信提醒+同步家人）,老婆平时工作比较忙，经常忘了吃药。买了这个智能药盒，用起来非常方便，定期就会有蜂鸣声提醒。小程序也能提示吃药情况，非常有意思。
b***7,2022-08-01 22:00:40,5,已购 标准款（微信提醒+同步家人）,精挑细选很久✨，最后决定买这一款🎁，到货后果然没有让我失望，实物很漂亮🔮，做工很精细🌈，特别满意💖，盒子精致，已经买第二个了。
j***n,2020-06-20 12:20:57,5,已购 标准款（微信提醒+同步家人）,非常好，不同颜色的灯还可以提醒自己是不是吃错药。我是肾移植患者对服药有严格的控制。有了他不怕吃错了。
撰***7,2021-11-06 14:13:36,5,已购 标准款（微信提醒+同步家人）,智能药盒挺好的！前段时间吃几样药的时候能够如期提醒！真好！
C***9,2021-02-28 11:31:14,5,已购 标准款（微信提醒+同步家人）,这个药盒不错，给妈妈买的，爸妈都说挺好，能装很多，而且智能有提醒，还能不知道放哪了寻找。建议再研究研究出个大的～仓多一点的～然后就是小程序扫码那个建议更新一下～优化一下～
J***6,2024-12-18 06:03:57,5,已购 ⭐升级款（支持HUAWEI HiLink）,盒子还是简洁风，虽然没有想象中的小巧，但是也还可以，携带也OK～总体上还是满意的～物流一如既往的给力，京东还是值得信赖的～
j***1,2020-08-03 22:46:07,5,已购 标准款（微信提醒+同步家人）,药盒设计外观、功能都不错，已设置好，就是电池仓要注意电池安装，否则容易接触不良，说明书此处也没有清晰图示，建议今后补上细节图
t***g,2023-11-03 18:55:38,5,已购 标准款（微信提醒+同步家人）,非常好用，声音还可以，能够放几天的药，设置方便
徐***松,2023-05-31 09:56:32,5,已购 ⭐升级款（支持HUAWEI HiLink）,东西还行吧，就是功能单一一些。到点提醒，基本上没有其他的交互了。感觉直接用软件提醒是一样的，简易以后更智能话一点。直接设备上增加一个按钮。
u***9,2022-03-18 15:36:53,5,已购 标准款（微信提醒+同步家人）,样品很好，收到样品一打开看和网上描述的一模一样，很喜欢😘，京东快递赞赞赞，当天下单当天就收到货。身边朋友看到了也都赞个不停。
壮***猪,2023-03-15 11:40:51,5,已购 ⭐升级款（支持HUAWEI HiLink）,这个药盒很好，携带方便。很智能。还没开始使用。感觉很高级的样子。嗯，后期使用了，还有什么情况再来追评。现在感觉很好。很不错
j***z,2024-03-30 16:45:59,5,已购 ⭐升级款（支持HUAWEI HiLink）,京东买东西，发货速度快，包装结实，到货速度也非常快，真是方便又快捷。药盒质量好，吃药有提醒，很喜欢。
待***时,2023-03-15 21:14:16,5,已购 ⭐升级款（支持HUAWEI HiLink）,"质量非常好，与卖家描述的完全一致，真的很喜欢，完全超出期望值，发货速度非常快，包装非
常仔细、严实，物流公司服务态度很好，运送速度很快，很满意的一次购物，质量很好，希望更
多的朋友信赖。店主态度特好，会再次光顾的好卖家。赞，发货迅速，态度很好，很满意！很好
很好！网上购物这么激烈，没想到店家的服务这么好，商品质量好而价低廉，很热情的卖家，下
次还来，希望下次还有机会合作。祝你生意兴隆！"
晨***韵,2021-06-19 17:25:05,5,已购 标准款（微信提醒+同步家人）,之前看中的，看着搞活动便宜就买了，喜欢新奇的东西，对提醒吃药还是比较有作用的，到时间盒子就会亮，如果不吃，过会还会响，手机也会有提醒，完成度挺高的。
W***_,2022-08-04 22:38:09,5,已购 ⭐升级款（支持HUAWEI HiLink）,使用非常方便，可以通过app设置吃药提醒，合理规划吃药，外观看起来的也非常的棒，总的来说就是很棒了，值得推荐！！！格子4格还是够了
j***2,2021-07-21 08:00:47,5,已购 标准款（微信提醒+同步家人）,宝贝收到了，智能药盒精质，药盒材质很好。商家服务很到位发视频帮助我解决不会问题，物流配送很快转天就到货了。
飛***火,2025-01-16 04:37:21,5,已购 ⭐升级款（支持HUAWEI HiLink）,看起来还不错，容量也不算小，这个提醒功能要具体用了才知道
吕***0,2021-05-13 08:57:38,5,已购 标准款（微信提醒+同步家人）,超级好用，提醒我这个金鱼的记忆，再也不怕错过吃药的时间了，饭前服，饭后服也清清楚楚不会搞混。
淘***y,2023-02-22 18:15:27,5,已购 ⭐升级款（支持HUAWEI HiLink）,一直会忘记吃药，很着急，所以下单买了这个药盒，很适合懒人，到时间会提醒你吃药，不过好像药盒大了点，不适合随身携带，物流很快。
w***a,2022-05-08 18:09:48,5,已购 标准款（微信提醒+同步家人）,非常奇妙的好物，很智能，功能完善，可以扫码添加药品，还可以智能寻找，放在包里很方便。很高级的感觉。
圣***茄,2021-03-13 23:36:51,5,已购 标准款（微信提醒+同步家人）,超级棒哈哈哈哈直接排除了以前可能忘吃、或者吃重了药的现象，设定好服药计划就可以定点声光提醒，而且小盒还能随身带上半个月的药量，出远门办事拒绝大包塑料袋的携带困扰，拿取也方便（尤其是只吃半片的那种药，再也不用担心第二天在药瓶里找不到那半片药的困扰了，也不会之前那样掉到塑料袋里，还很卫生），后悔买的太晚了，长期服药早买早享受啊！
墩***m,2023-03-09 10:19:53,5,已购 ⭐升级款（支持HUAWEI HiLink）,这药盒非常智能，非常好用这次给哥哥买，偶然间发现可以跟华为链接正好哥哥用的华为手机，希望这个药盒可以减少哥哥总忘吃药的习惯应该有用！
伊***众,2021-12-10 21:35:48,5,已购 标准款（微信提醒+同步家人）,商品收到咯，特别喜欢，一收到就迫不及待地打开了，家人也很满意，这次购物体验不错宝贝做工真的非常精细，细节真的棒，爱了爱了东西比我想象中的还要完美，十分给力，值得入手便宜又实惠，买了好多，宝贝一如既往的好😊，性价比非常高，大品牌值得信赖👍
铁***运,2021-03-21 09:56:48,5,已购 标准款（微信提醒+同步家人）,品质很不错🍆，性价比比较高的的商品🍀，喜欢的亲可以直接下手不要犹豫哦📍😃大品牌！值得信赖！效果超级好！贵有贵的道理！很棒的商品！
M***2,2021-05-14 22:06:32,3,已购 标准款（微信提醒+同步家人）,做工质感很好 软件做的稀烂 一点也不智能
j***L,2021-07-24 15:02:42,5,已购 标准款（微信提醒+同步家人）,很好用。设置方便快捷。到时间提醒吃药，打开药盒还提醒吃哪个药，完美！爱了爱了。就是4个盒子有点少了，对于年纪大的老人每天吃的药和保健品多的话就不方便了。最好能出个盒子多些的款式，那我肯定给我爸妈各买一个。也不知道一个手机能配几个药盒。
j***2,2022-02-14 18:16:00,4,已购 标准款（微信提醒+同步家人）,做工细致，感觉质量很好，但是用了才知道，每个小盒里只能放一种药，如果老人吃的药超过4种，这盒子就不合适了，大家请注意！
L***钾,2022-12-15 10:55:34,5,已购 ⭐升级款（支持HUAWEI HiLink）,非常好的药物提醒，有了它很省心。
j***0,2021-06-19 07:58:37,5,已购 标准款（微信提醒+同步家人）,"回购产品，给亲戚代买的
安装预先设定的时间，会间隔提醒三次
手机也会收到提醒服药的信息
携带方便、但是装的量有限
服药多的，可以配合那种不到提醒的药盒，拿它做提醒"
a***煦,2023-03-28 10:40:54,5,已购 ⭐升级款（支持HUAWEI HiLink）,好用的不得了。再也不会忘记服保健品了，小巧，便捷，还特别的好用，手机上设置好，到点了会有三次提醒。间隔十分钟一次，简直是太爱乐
o***x,2025-09-15 11:05:21,5,已购 ⭐升级款（支持HUAWEI HiLink）,好用，灯光声音综合提醒，做工不错，
韦***卫,2022-02-19 17:50:15,5,已购 标准款（微信提醒+同步家人）,挺智能的，但是不够傻瓜，很依赖手机，需要先绑定操作好，如果父母不会使用手机还是比较麻烦的。外观比打火机大，携带还算方便，能提醒是否吃过，吃过与否会有灯光提示，但是提醒吃药的声音比较小，容易听不到，而且音量无法调节。
我***家,2023-05-01 20:00:50,5,已购 ⭐升级款（支持HUAWEI HiLink）,前段时间想买个智能提醒的老是记不住吃药 刚好搜到了这个，拿到货就设置好有四种药可以放 我都放满的设置好时间一到就会提醒 微信也会提醒 如果没打开吃10分钟后就会在提醒一次
l***白,2020-10-16 09:03:49,5,已购 标准款（微信提醒+同步家人）,特别好用自从买了这个按时吃药不会错过。有声音提醒和手机记录。值得购买。不知道电池耐用不。要是再多几个盒就更完美了。对于吃药多的要是有10格就好了。
憨***e,2020-12-22 14:58:09,5,已购 标准款（微信提醒+同步家人）,😍发货很快，两三天就到了，这个颜色我很喜欢，性价比很高，非常nice宝贝收到，物流很快，描述相符，比较满意，好评，推荐已经用过一段时间了，效果不错😍，客服服务有耐心，解答详细，赞一个
u***w,2021-01-20 11:33:11,5,已购 标准款（微信提醒+同步家人）,"刚买一周多点就降了30元，这差也太大了。
东西还是挺好，老人之前总忘记吃或不知道吃没吃。现在这个智能提醒不错，药盒响，手机也提示。"
j***0,2023-06-18 20:17:31,5,已购 标准款（微信提醒+同步家人）,这款智能药盒非常小巧便携，可以设置与手机绑定，实时提醒父亲按时吃药，减少因漏吃药而导致血压高。也让我们更安心，不用天天关注父亲有没有忘吃药
u***4,2022-04-14 19:27:19,5,已购 标准款（微信提醒+同步家人）,提醒自己吃药用的 容量很大 连到手机很方便 忘记吃药会很痛 有时候忙起来容易忘记 还好有他提醒 真不错 不用每次设置闹钟了
C***N,2021-06-18 10:02:53,5,已购 标准款（微信提醒+同步家人）,对于连吃维生素都能忘了的人...这个小药盒真的是神器..设定时间到点提醒吃哪个仓的药...手机和药盒同时提醒和推送..真心不错...
架***利,2023-06-06 10:27:12,5,已购 ⭐升级款（支持HUAWEI HiLink）,用来提醒吃药的，每次都忙忘记吃药，这个会叫唤，还可以吧，只不过，没吃多久的药就没了，估计又是闲置了，贵且闲置，快递很快的
承***爱,2023-02-08 16:45:42,5,已购 ⭐升级款（支持HUAWEI HiLink）,挺好用，防止忘记吃药～，就是内盖如果做成转轴的就更好了！另外配把小勺体验会更好！
d***y,2022-09-18 11:27:54,5,已购 ⭐升级款（支持HUAWEI HiLink）,智能时代来了，连药盒都变得智能了，买了这款产品后，再也不需要反复提醒长辈服药，悉心的、人性化的手机连接设计，可以很好解决这个问题。
5***1,2023-08-11 13:38:31,5,已购 ⭐升级款（支持HUAWEI HiLink）,不错，头脑记忆不好的人使用不错，忘不了吃药的时间，更为方便
竞***1,2023-03-10 15:00:59,5,已购 标准款（微信提醒+同步家人）,"买给妈妈用的，药盒很小巧精致,适合随身携带,就算外出，放在包里面也不占地方，主要是吃药提醒，到了吃药时间，药盒和手机都会发出警示，提醒服药，非常满意。"
M***娘,2023-11-02 15:44:40,5,已购 标准款（微信提醒+同步家人）,爱了爱了，很好用，四个格子，可以预约是4个时间定时提醒，再也不用担心忙忘啦，值得推荐，携带也方便。
j***3,2024-10-05 10:24:15,5,已购 ⭐升级款（支持HUAWEI HiLink）,外观漂亮，体积稍有点大，能装的药多。设置项目丰富，可以起到很好的提醒作用，是个称职的吃药小助手！
班***y,2021-03-12 15:28:55,5,已购 标准款（微信提醒+同步家人）,帮家里买的便携式药盒，简单大方方便，而且功能还多，解决了平实工作忙容易忘记的情况。
*****,2022-06-05 20:26:26,5,已购 ⭐升级款（支持HUAWEI HiLink）,老爸血压高，不提醒就会忘记吃药，这个药盒正是他所需要的。根据说明书与手机绑定后，到时间自动提醒，我跟老妈放心多了，为健康，值得
太***-,2024-02-15 16:51:08,5,已购 ⭐升级款（支持HUAWEI HiLink）,之前吃药总是忘记，这次好了，还有手机提醒，不会再忘记吃药了，不错，物流速度也很快，第二天就到了，过年也没耽误，希望京东越做越好，希望能做成充电款
j***j,2025-06-08 22:06:40,5,已购 ⭐升级款（支持HUAWEI HiLink）,家里人用很方便，提醒功能很实用。很漂亮
i***a,2021-06-19 21:18:01,4,已购 标准款（微信提醒+同步家人）,京东的物流服务很好，药盒使用小程序连接，认真看说明书的话，设置也顺畅。不足的一点是，必须使用药盒在规定的时间吃药。我用来提醒吃维生素，吃过了无法在app上标记&ldquo;已吃&rdquo;，现在每天晚上定时响，比早上起床的闹铃对大脑的刺激还要强。商家改进一下吧。
w***6,2021-12-29 08:56:09,5,已购 标准款（微信提醒+同步家人）,114元入手！！！之前买了3个，还是挺好用的！！！容量也挺大的！！！有'提醒，挺好的！！！物流是京东本地仓，用了三天时间！！！
一***了,2020-10-16 14:10:44,5,已购 标准款（微信提醒+同步家人）,不错，手感可以的，药仓挺深的，再缩小点，就可以装7天的药了，适合出差，有待改进
x***s,2023-07-07 23:18:45,5,已购 标准款（微信提醒+同步家人）,买来给家里老人放药品。还有定时提醒服务也太贴心了吧。再也不用担心家里老人忘记吃药了。已经推荐给朋友们了。哈哈哈哈。哈哈哈
逆***暴,2020-12-22 18:30:13,5,已购 标准款（微信提醒+同步家人）,颜值挺高 挺方便的 可以设置提醒吃药时间和药量
Z***5,2022-11-20 12:15:30,5,已购 ⭐升级款（支持HUAWEI HiLink）,"质量非常好,与卖家描述的完全一致, 真的很喜欢,完全超出期望值,发货速 度非常快,包装非常仔细、严实,京东物流公司服务态度很好,运送速度很快,很满意的一次购物质量很好, 希望更多的朋友信赖京东. 客服态度特好, 我会再次光顾的，发货迅速，态度很好，很满意！很好很好！下次有机会再找你，客服人蛮好的，东东很不错,淘到心意的宝贝是一件让人很开心的事，比心。"
火***那,2021-01-13 12:58:45,5,已购 标准款（微信提醒+同步家人）,东西不错，还有优惠，可以放心省钱购买，不要犹豫了💌收到立马打开看了一下，非常不错，质量超好，颜值又高😘，推荐推荐🉑店家发货非常快，服务态度很好，应该是正品，一次很愉快的购物终于收到货了，非常非常喜欢，做工精致漂亮，已经被很多人夸了，真的太开心了，已经是他家的忠实粉丝了，以后还会继续买买买的比平时要便宜，囤了不少，特别特别满意👍，超级好看😍，客服很有礼貌，很客气，良心商家，支持！价格非常的美丽，东西还是不错的，会继续回购！全五分！奈斯奈斯～东西质量还可以，快递速度也很给力
b***u,2022-03-31 17:21:40,5,已购 标准款（微信提醒+同步家人）,小药盒很精致，装药时会觉得产品设计用心了，赞！
痴***香,2020-10-19 22:48:58,5,已购 标准款（微信提醒+同步家人）,比想象中的好看，也很好用，提醒功能也很好
闪***狼,2021-08-21 22:53:11,5,已购 标准款（微信提醒+同步家人）,平时工作比较忙总是忘了吃药，有的时候药分好了放在药盒里要不是胃难受了根部想不起来吃，经常一放就是十天半个月的，这下好了有了这个智能药盒可以天天到点提醒我吃药了。
-***-,2023-04-10 17:42:46,5,已购 ⭐升级款（支持HUAWEI HiLink）,"很小巧，容量也很大
会定时提醒，再也不会忘记吃药了
整体非常不错"
滔***彩,2021-11-05 20:48:32,5,已购 标准款（微信提醒+同步家人）,物流很快，一直是期望的物流商都网。盒子不错，买了给老妈用的，这样子就不会忘记了。很好，血压问题不担心了。
j***z,2023-10-27 09:14:20,5,已购 标准款（微信提醒+同步家人）,已经用了一段时间了，感觉挺方便的，装药的量也合适，整体用下来蛮不错的哦
M***-,2024-02-29 09:38:28,5,已购 ⭐升级款（支持HUAWEI HiLink）,买给妈妈的，超级好用，买来之后就没忘记过吃药💊，而且装在包里也很方便，出去玩也容易携带。
j***h,2022-04-14 10:21:56,5,已购 标准款（微信提醒+同步家人）,挺好用的，有蓝牙设置提醒，药仓独立，提醒也还不错，就是略贵，功能不多，希望可以更新
宁***圆,2020-07-22 15:04:41,5,已购 标准款（微信提醒+同步家人）,京东从来没让我失望过，这个药盒好看，高大上，连在手机上到时间提醒吃药，大爱
浪***枫,2021-10-16 14:39:14,5,已购 标准款（微信提醒+同步家人）,"1现在的科技是真发达，哈哈，越来越便利了，老妈血糖比
较高，经常忘记吃药，就买了这个，设定好时间后，到了
时间就微信提示，然后每种药怎么吃，吃多少，什么时间
吃都可以设定，还是比较方便的。到了吃药的时间，打开
显示绿色的就可以直接吃，不在吃药时间打开就是显示红
色，体验感满满。"
李***-,2021-12-15 17:16:53,5,已购 标准款（微信提醒+同步家人）,挺好用的 容量大  一下买了两个人  家人一起用
L***q,2022-01-11 21:02:57,5,已购 标准款（微信提醒+同步家人）,非常不错，分类提醒，干净卫生。给家人买的，吃药不再是那么麻烦的事情了，每天吃药种类较多，吃药时间不一致，可以入手试试！！
j***g,2024-11-11 21:39:57,5,已购 ⭐升级款（支持HUAWEI HiLink）,连接华为智慧生活，性能好，方便，可设置提醒时间，药品名称等。
a***1,2022-10-01 20:33:29,5,已购 标准款（微信提醒+同步家人）,一共四格，药能放不少。闹钟声音挺大的，不吃过段时间会再响，用着感觉不错
咩***佬,2024-10-27 15:14:50,5,已购 ⭐升级款（支持HUAWEI HiLink）,家里老人年纪大了，吃的药品种类多了，有了这个药盒不怕吃错，忘记吃药了。
五***-,2021-08-11 13:24:10,5,已购 标准款（微信提醒+同步家人）,"药盒很智能很好用，给父亲买的，与卖家描述的一致，非常满意,很喜欢，发货速度非常快，包装非常仔细、严实，运送速度很快，物流速度很快，满意的一次购物，祝商家生意兴隆！以后有需要的还会在过来看看！"
g***2,2021-03-24 12:36:29,5,已购 标准款（微信提醒+同步家人）,材质很有质感，开合也方便，容量也足，外出便携，适合每天需按时吃药的人。
在***5,2020-08-17 23:53:07,5,已购 标准款（微信提醒+同步家人）,外观小巧，便携，吃药时间到时，会有消息提醒，同时药盒会有声音和灯，如果多几个分格就更好了。
桐***k,2022-09-03 16:29:49,5,已购 标准款（微信提醒+同步家人）,东西收到了，非常满意，在京东买东西比较放心，快递送的也很快，基本上两天以内都可以拿到，一般买大件都会选择在京东买，总感觉质量和服务比较有保障，给家人买的，他们很喜欢
娅***眉,2021-05-28 16:00:01,5,已购 标准款（微信提醒+同步家人）,因为这个药盒很方便，因为之前经常忘记吃药的时间，有了这个就方便多了，可以及时提醒吃药，实在是太好用了，而且我还推荐给了我闺蜜。
2***g,2020-12-24 19:17:10,5,已购 标准款（微信提醒+同步家人）,非常棒的药盒，很智能，能按时提醒服药，跟手机APP连接，还可以实时监控服药情况，非常棒
j***魔,2024-05-18 13:28:07,5,已购 ⭐升级款（支持HUAWEI HiLink）,非常棒，家里人吃药总是会忘记，有这个提醒，就不会因为忘记吃药了。太好了。以后再也不会忘记吃药了。自己也放心了。
百***蚁,2021-02-22 14:04:24,5,已购 标准款（微信提醒+同步家人）,这是买的第二个呢，提醒吃药非常好 。唯一不满意的是小程序的吃药时间设置档位10分钟一档。如果5分钟一档就好了
凤***头,2021-05-09 21:56:37,5,已购 标准款（微信提醒+同步家人）,很棒的一款产品，从没想到小小的药盒，就有这么好的功能。使用起来也不复杂，准备给家里老人再买一个。
j***y,2024-02-09 09:48:35,5,已购 ⭐升级款（支持HUAWEI HiLink）,非常好用 还有定时提醒的功能 闹铃声也很温和 很好
庞***_,2023-12-27 00:15:17,5,已购 ⭐升级款（支持HUAWEI HiLink）,精致小巧，提醒及时，非常方便记性不好的使用！
7***j,2021-02-17 19:00:10,5,已购 标准款（微信提醒+同步家人）,货己收到了，迫不及待的按说明分类装好了，非常喜欢，如果药品多4个空间就不够了，建议可以增加几个空间。
h***l,2021-04-24 11:44:35,5,已购 标准款（微信提醒+同步家人）,很智能的药盒，喜欢智能提醒和药品绑定
W***牛,2022-09-03 07:00:23,5,已购 ⭐升级款（支持HUAWEI HiLink）,💌收到立马打开看了一下，非常不错，质量超好，颜值又高😘，推荐推荐🉑正品，棒棒哒，价格很优惠，总而言之挺好的，还会再买
青***r,2024-10-16 18:35:56,5,已购 ⭐升级款（支持HUAWEI HiLink）,很方便，到点就提醒～小巧，可以随身携带～四个格，也够用
r***9,2020-11-19 20:39:49,5,已购 标准款（微信提醒+同步家人）,药盒大小适中，容量合适，吃的不是特别多的话可以装一星期的药。设置方便，提醒及时。
w***6,2021-12-17 15:52:56,5,已购 标准款（微信提醒+同步家人）,248元入手！！！这是买了第三个，都是送别人！！！体积有点儿大！！！但是有提示，挺好！！！快递挺快的，第二天送到的！！！
u***8,2023-06-03 11:59:58,5,已购 ⭐升级款（支持HUAWEI HiLink）,非常好用，定时分盒提醒。药盒挺小巧，携带也方便，质感也很好。
Z***g,2020-09-28 14:14:55,5,已购 标准款（微信提醒+同步家人）,"hipee 智能药盒便携 小巧分装大容量药仓

非常好用，众筹的时候已经买过一个，现在有活动又入手几个。"
和***呐,2023-07-13 16:57:15,5,已购 ⭐升级款（支持HUAWEI HiLink）,材质结实，手感好，很得劲，物流也快，性价比很高，值得购买包装很好，质量非常棒，宝贝完全符合卖家的描述，可以放心购买😍感谢🙏
竹***人,2020-09-29 22:39:35,5,已购 标准款（微信提醒+同步家人）,东西小巧，还不错。就是手机离盒子近才能工作，连接不太畅，而且删了之后还会提醒，挺奇怪，估计有bug
j***r,2026-04-10 09:11:37,5,已购 ⭐升级款（支持HUAWEI HiLink）,用了两天感觉不错，到时间会提醒，不会忘记吃药了
j***o,2025-10-21 11:53:46,5,已购 标准款（微信提醒+同步家人）,挺方便的，可以在微信上设置提醒。药盒自动闹钟也会提醒。双重保险。不错
j***a,2024-01-05 09:11:22,5,已购 ⭐升级款（支持HUAWEI HiLink）,宝贝和介绍的一样，质感很好，功能强大，可以按时提醒，家人可以随时查看吃药记录帮忙监督
e***7,2022-09-13 17:03:09,5,已购 ⭐升级款（支持HUAWEI HiLink）,好用，不用再担心长辈忘记吃各种药物了，到时间就可以拿来就吃，完美的提醒作用
j***1,2023-11-15 14:39:15,5,已购 ⭐升级款（支持HUAWEI HiLink）,设置简单，东西不错，很智能，药盒可以再大一点，装更多药物
7***F,2021-11-14 18:49:16,5,已购 标准款（微信提醒+同步家人）,质量非常好，非常满意，真的很喜欢，完全超出期望值，发货速度也非常快，包装非常仔细、严实，运送速度很快，很满意的一次购物体验
j***D,2021-07-14 17:15:20,5,已购 标准款（微信提醒+同步家人）,很不错！小巧方便！还能链接手机！对于健忘的人来说真是救命的东西，四个小药盒一共能装48个胶囊把，装满一次最起码半个月不用愁了！不得不说真是买到了好东西！
j***e,2021-10-25 11:16:01,5,已购 标准款（微信提醒+同步家人）,用着很方便，大小正好，按时提醒，手机也有提示
r***r,2022-11-26 14:13:06,5,已购 ⭐升级款（支持HUAWEI HiLink）,药盒质量很好，美中不足每个小格只能登记一种药，建议软件升级下就更好了
4***b,2021-09-07 15:49:27,5,已购 标准款（微信提醒+同步家人）,非常有用，能及时提醒吃药，还能记录今天是否吃药了，有了这个给长期吃药的人群带来了很多便捷，美中不足就是只有四个药格稍微有点少，期待推出多格款
j***2,2026-02-18 09:47:44,5,已购 ⭐升级款（支持HUAWEI HiLink）,使用方便提醒功能很好。
唐***香,2024-06-18 09:05:50,5,已购 ⭐升级款（支持HUAWEI HiLink）,给家里老人买的，反馈说非常实用，操作也挺简单的，非常满意。
才***d,2021-02-09 19:06:28,5,已购 标准款（微信提醒+同步家人）,很好用，提醒人性化，不用担心忘记吃药，使用非常好方便，也很便于大家外出的时候携带，很不错。好评！！！！！！！！！！！！！
j***0,2021-04-13 10:06:52,5,已购 标准款（微信提醒+同步家人）,真的超好用，这回妈妈再也不用担心错过吃药的时间了。药盒到时间会提醒，本时段应该吃的💊会在对应的仓口亮起绿灯，赞👍
h***8,2025-11-04 08:17:31,5,已购 ⭐升级款（支持HUAWEI HiLink）,简约大气，携带方便，设计合理，实用性强
小***过,2023-09-11 17:35:42,5,已购 ⭐升级款（支持HUAWEI HiLink）,提醒功能特别好，再也不用担心忘吃药💊了
f***1,2021-02-25 15:04:48,5,已购 标准款（微信提醒+同步家人）,这个小药盒真的很不错，具有保湿功能，而且每个里面都是独立设计很不错呀。
R***宝,2024-09-25 16:43:41,5,已购 ⭐升级款（支持HUAWEI HiLink）,药盒非常好，很智能，会主动提醒该吃药了，很便利！
j***l,2023-06-16 14:24:58,5,已购 ⭐升级款（支持HUAWEI HiLink）,用了一个月了，解决了携带多种药盒、忘记吃药的问题
S***魔,2023-12-31 09:50:31,5,已购 ⭐升级款（支持HUAWEI HiLink）,这款药盒具备提醒功能，非常方便，很不错，推荐
j***3,2024-02-15 08:47:44,5,已购 ⭐升级款（支持HUAWEI HiLink）,以后再也不会吃错药了，好帮手，果实造
西***丁,2021-02-17 19:15:13,5,已购 标准款（微信提醒+同步家人）,这个东西给老人用挺好的，暗示提醒，就是容量小了点
胖***程,2021-09-18 23:24:59,5,已购 标准款（微信提醒+同步家人）,很方便的一款药盒，提醒后不打开药盒会每隔10分钟再提醒，直到打开药盒为止，好帮手。
j***2,2024-02-29 16:16:14,5,已购 ⭐升级款（支持HUAWEI HiLink）,外观设计不错，智能提醒。方便
J***思,2020-08-06 12:57:41,5,已购 标准款（微信提醒+同步家人）,我不是用来吃药的，是用来提醒我自己吃**N，确实有提醒效果，也可以放一些常备药随身带着
哈***生,2021-03-26 14:32:23,5,已购 标准款（微信提醒+同步家人）,非常好用，不会忘记吃药了&hellip;真是吃药神器&hellip;
j***g,2020-10-08 15:07:08,5,已购 标准款（微信提醒+同步家人）,可以装很多，就是声音有些小，其他还不错，可以和手机连接设置
5***c,2022-06-11 21:52:39,5,已购 标准款（微信提醒+同步家人）,外观不错，功能略鸡肋，就当普通药盒用了
j***l,2021-05-19 21:09:08,5,已购 标准款（微信提醒+同步家人）,东西确实不错，大小尺寸合适，使用比较方便
斯***兹,2022-02-16 15:51:21,5,已购 标准款（微信提醒+同步家人）,好用推荐，就是里面的药盒需要扣开，太原始了，按开也比扣开高级些
大***z,2023-08-21 19:30:51,5,已购 ⭐升级款（支持HUAWEI HiLink）,药盒包装严实，质量杠杠，是正品，店家客服一流。物流也很给力。全5分好评。 店家服务好。
花***落,2020-08-31 07:02:19,3,已购 标准款（微信提醒+同步家人）,物流很快，出差的时候备得，还对付吧，不值这个价格
下***光,2021-10-29 22:05:18,5,已购 标准款（微信提醒+同步家人）,寻找药盒功能很实用 药盒会发出哔哔声
数***人,2021-02-24 11:40:39,4,已购 标准款（微信提醒+同步家人）,还不错吧，就是它的那个闹钟我如果当时没听到的话，就不会有后续了。
惊***来,2021-01-04 08:41:38,5,已购 标准款（微信提醒+同步家人）,提醒功能很实用，盒子大，还携带方便。
6***c,2023-10-12 09:58:21,5,已购 ⭐升级款（支持HUAWEI HiLink）,药盒实用，提醒准确，带在身边也很方便
M***雨,2021-12-28 21:16:29,5,已购 标准款（微信提醒+同步家人）,一直都是京东的超级会员，值得信赖，速度快，服务好，特别喜欢在京东买买买。。。智能药盒特别方便，有了它的提醒，不会忘记吃药了
大***皮,2022-01-20 11:49:04,5,已购 标准款（微信提醒+同步家人）,不错的药盒，使用很方便，避免忘记服药
和***1,2021-01-20 18:33:58,5,已购 标准款（微信提醒+同步家人）,已经开始使用，产品质量好，方便携带，可定时提醒吃药，方便！推荐购买！
M***凯,2024-01-26 16:40:39,5,已购 标准款（微信提醒+同步家人）,小巧轻便，刚收到货就按照二维码操作，很方便。
桥***_,2021-03-18 07:46:24,5,已购 标准款（微信提醒+同步家人）,已经用了很长时间了，忘了评价。给家人买的，收到了一致好评，真的提醒喝药的功能太棒了
j***0,2021-12-23 20:51:42,5,已购 标准款（微信提醒+同步家人）,非常好！小巧精致，使用方便。
实***6,2021-06-21 10:22:11,5,已购 标准款（微信提醒+同步家人）,一次很好的购物体验，服务周到，物流快速，配送也很周到，态度也很好，好评！一次很好的购物体验，服务周到，物流快速，配送也很周到，态度也很好，物有所值啊，果断好评！整体来说，还是很好的，非常值得再次回购宝贝很好，不得不说，客服态度也太好了吧！
T***_,2021-02-01 14:33:40,5,已购 标准款（微信提醒+同步家人）,做工还不错，功能也很好，能装不少药，携带方便
太***迹,2021-07-15 11:48:05,5,已购 标准款（微信提醒+同步家人）,非常非常非常好的药盒，忘记吃药的提醒神器。
夏***r,2022-10-31 21:21:27,5,已购 标准款（微信提醒+同步家人）,让我们先说说商品的质量：产品总体上是好的，包装很紧。让我们来谈谈商家服务：喜欢它。最后，京东快递：快递非常快。另一个是感谢京东赠送优惠券。毕竟，廉价商品更真实。质量非常好，完全符合卖方的描述。我真的很喜欢。这完全超出了预期。交货速度非常快。包装非常仔细和紧密。物流公司有良好的服务态度，交货速度非常快。令人满意的购物质量非常好。
何***人,2021-02-17 16:09:02,5,已购 标准款（微信提醒+同步家人）,质量很好，收到后就迫不及待的试了一下，很合适，颜色也很好看。
8***2,2021-12-31 20:26:10,5,已购 标准款（微信提醒+同步家人）,好用，提醒功能非常好，一扫药盒条码就可以登记药名，方便！
吴***5,2021-07-14 17:53:33,5,已购 标准款（微信提醒+同步家人）,不错的小物件，功能齐全，简单易用
9***a,2020-05-15 18:21:22,5,已购 标准款（微信提醒+同步家人）,很满意，到手后半天连接不上，客服很耐心的帮忙指导，好评！小药盒外观精致小巧上档次！
达***奇,2021-02-17 18:45:24,5,已购 标准款（微信提醒+同步家人）,这个给家人准备外出带着特别好用。方便，提醒及时。贴心的
j***a,2023-04-18 11:07:27,5,已购 ⭐升级款（支持HUAWEI HiLink）,总体来说，确实很不错，客服的服务态度也很棒，说话几乎马上就会回消息，物超所值，真心推荐💌心仪已久，果断下手，用过之后感觉很不错，是正品，快递也很给力，果然名副其实👍
一***a,2020-09-15 22:49:22,5,已购 标准款（微信提醒+同步家人）,手感好，小巧便携，高级
l***s,2020-08-16 21:56:48,5,已购 标准款（微信提醒+同步家人）,收到完好，小眼镜盒大小，塑料材质，尚未使用。
d***3,2021-01-25 21:11:26,5,已购 标准款（微信提醒+同步家人）,第二次购买此商品，非常好用，京东购物真的很放心，物美价廉，不时地做活动，做为PLUS会员还省很多钱，京东物流很快，京东小哥服务态度很
珍***燕,2023-07-15 21:12:05,5,已购 标准款（微信提醒+同步家人）,超级喜欢这款药盒，对于有慢性病的家人👪，真的很实用，也很贴心。我能实时监控。多次购买送长辈，值得推荐！支持京东自营！支持京东自营！
酸***糖,2021-10-15 09:17:03,5,已购 标准款（微信提醒+同步家人）,超级好用，对于品类多忘性大的，很智能
绛***瞳,2023-07-07 18:44:19,5,已购 ⭐升级款（支持HUAWEI HiLink）,手机壳样子不错，挂绳很牢靠
j***f,2020-12-13 21:25:38,5,已购 标准款（微信提醒+同步家人）,做工精细，手感不错，容量大。
8***u,2022-10-06 13:21:08,5,已购 标准款（微信提醒+同步家人）,次日收到，小巧便于随身携带，提醒功能很实用。只是测试提醒功能时，测试服药记录无法清除。
j***4,2023-06-24 10:50:41,4,已购 ⭐升级款（支持HUAWEI HiLink）,外观漂亮，使用方便。药仓偏小，如需放置胶囊，可能不够大
O***e,2025-05-25 10:39:39,5,已购 标准款（微信提醒+同步家人）,有闹钟提醒功能，联动APP，很方便可以定时吃药不会忘记。
j***d,2023-05-24 20:40:58,5,已购 ⭐升级款（支持HUAWEI HiLink）,用来装我抗抑郁药物的 每天会提醒我吃药手机也会有推送 给记性不好的人用真的太有用了 外观也很高级
j***6,2022-03-30 22:33:05,5,已购 标准款（微信提醒+同步家人）,非常不错的智能药盒，使用便捷
j***r,2021-04-15 14:04:25,5,已购 标准款（微信提醒+同步家人）,比较有质感的一个药盒，携带方便
莫***3,2022-01-14 19:12:51,5,已购 标准款（微信提醒+同步家人）,提醒功能不错，放药的仓也可以
roroluo,2026-01-05 09:34:57,5,已购 标准款（微信提醒+同步家人）,还不错能显示药粒的照片就最好了
j***z,2020-11-16 15:14:59,5,已购 标准款（微信提醒+同步家人）,包装非常结实，东西保护得很好，值得好评宝贝做工真的非常精细，细节真的棒，爱了爱了挺好的，价格适中，质量看着不错
5***g,2020-12-09 10:42:11,5,已购 标准款（微信提醒+同步家人）,小药盒，大作用，使用起来非常方便。老年人经常忘事儿，有了它，就踏实多了。
念***兵,2021-10-10 10:48:14,5,已购 标准款（微信提醒+同步家人）,挺好的，小巧玲珑，携带方便
n***n,2021-09-25 19:26:14,4,已购 标准款（微信提醒+同步家人）,是挺好的，但是和我想的不一样，我以为是分早中晚来放到不同的仓位，可以提前将药分类好，方便老人直接喝，没想到是一个仓位只能当一种药，这还需要自己再去看哪个药仓拿几个，很不方便，希望后续能增加另一种模式来方便分类
独***狂,2023-12-17 11:38:36,5,已购 ⭐升级款（支持HUAWEI HiLink）,可以装两周的药，设定非常方便。
小***l,2023-01-30 13:26:34,5,已购 标准款（微信提醒+同步家人）,特别特别特别好，没有任何破损的地方，外观也好看，好评！东西质量还可以，快递速度也很给力东西质量还可以，快递速度也很给力总体来说，确实很不错，客服的服务态度也很棒，说话几乎马上就会回消息，物超所值，真心推荐
吾***原,2020-09-07 14:19:57,5,已购 标准款（微信提醒+同步家人）,给家里人买的，之前我自己在用，使用挺方便
王***想,2023-11-09 13:41:00,5,已购 标准款（微信提醒+同步家人）,使用体验非常不错。这款药盒可以帮助我更好地管理我的药物服用时间，让我不再担心忘记服药。
j***f,2020-10-21 12:49:38,5,已购 标准款（微信提醒+同步家人）,买来送人的，觉得很方便，做工也很不错，就是价格有些小贵，老人吃药的时候提醒一下，随时出门方便携带，不错👍
u***7,2020-10-13 12:54:12,5,已购 标准款（微信提醒+同步家人）,一开始买了两个，用了之后感觉好，又买了好几个，送给身边的朋友，定时提醒功能设计的真心不错
S***7,2020-11-26 18:41:40,5,已购 标准款（微信提醒+同步家人）,容量合适，手感一流，非常不错，值得购买
j***5,2022-12-09 12:01:18,5,已购 ⭐升级款（支持HUAWEI HiLink）,使用方便，要是再多一格就个人而言更好了，提示明确
無***1,2021-03-15 08:49:57,5,已购 标准款（微信提醒+同步家人）,高科技 智能药盒 用起来很方便
j***b,2026-03-21 21:19:41,5,已购 ⭐升级款（支持HUAWEI HiLink）,发货迅速已经收到货了，商品和描述的差不多，质量没问题，价格合适，在这里买很放心！
0***0,2023-09-03 13:46:44,5,已购 ⭐升级款（支持HUAWEI HiLink）,盒子容量挺大的，手感也挺好！
c***9,2020-12-05 20:24:11,5,已购 标准款（微信提醒+同步家人）,设计新型，质量可靠，使用方便，提醒有效。
j***0,2020-07-14 11:01:39,5,已购 标准款（微信提醒+同步家人）,精致漂亮实用，再也不会忘记吃药了
j***8,2020-11-19 23:00:26,5,已购 标准款（微信提醒+同步家人）,双11的物流很快，物品完好无损，用起来很舒服，喜欢💕🉑宝贝收到了，很惊喜✨，设计合理，时尚大方，继续关注，以后会回购的❥❥❥
刘***行,2021-04-17 19:58:42,5,已购 标准款（微信提醒+同步家人）,很好用，就是不能设置隔天提醒，希望能够改进一下。
A***7,2025-04-14 20:47:05,5,已购 ⭐升级款（支持HUAWEI HiLink）,非常好用 ，每天可以提醒自己。
j***ㆀ,2024-10-17 21:54:52,5,已购 ⭐升级款（支持HUAWEI HiLink）,药盒很好用设置好了可以看到是什么药，而且设置好以后到点就提醒吃药
j***5,2020-08-29 19:10:19,5,已购 标准款（微信提醒+同步家人）,非常好用啊，对于经常忘了吃药的人，太好啦
李***-,2021-12-13 10:33:44,5,已购 标准款（微信提醒+同步家人）,很好看 很智能 容量也很大
p***f,2021-12-12 12:51:37,5,已购 标准款（微信提醒+同步家人）,特别好用，功能强大主要颜值还高。
j***h,2025-02-20 01:17:12,5,已购 标准款（微信提醒+同步家人）,智能药盒分隔合理可提醒，非常好用。
咣***甜,2020-12-29 08:19:26,5,已购 标准款（微信提醒+同步家人）,小巧方便携带，就是仓数希望可以增加。
小***大,2020-06-09 11:14:59,5,已购 标准款（微信提醒+同步家人）,颜值高，定时提醒，非常好用
f***1,2021-03-02 10:04:56,5,已购 标准款（微信提醒+同步家人）,药盒容量大，不怕忘记
蕭***尨,2021-01-25 20:56:08,5,已购 标准款（微信提醒+同步家人）,非常好用，会按设定的时间提醒你吃药。
我***e,2021-02-01 09:16:14,5,已购 标准款（微信提醒+同步家人）,药盒非常好，提醒功能很好用
x***1,2022-06-20 15:50:53,5,已购 标准款（微信提醒+同步家人）,很好的一款药盒以前买过，回购
青***m,2021-11-23 09:31:48,5,已购 标准款（微信提醒+同步家人）,家人非常喜欢这个药盒
j***n,2021-05-19 20:21:44,5,已购 标准款（微信提醒+同步家人）,每天吃好几种💊总忘，这个挺好用！
兜***儿,2020-11-17 15:07:27,5,已购 标准款（微信提醒+同步家人）,超级好用。时刻提醒，主要还有颜值。不错，不错。
碰***公,2020-07-30 13:58:42,5,已购 标准款（微信提醒+同步家人）,嗯，做工很好，没什么味道，用酒精清洗了一下。。。智能提醒，好！
Y***5,2021-06-22 21:39:36,5,已购 标准款（微信提醒+同步家人）,很好的小玩意，送个老爸的礼物，很实用也很喜欢，定时提醒
王***煌,2021-09-28 11:35:00,5,已购 标准款（微信提醒+同步家人）,很好用的一款药盒，值得好评，物流很快。
慢***族,2020-12-03 17:09:58,5,已购 标准款（微信提醒+同步家人）,设计好，即使提醒，很好哦。
得***助,2024-07-27 18:25:40,5,已购 ⭐升级款（支持HUAWEI HiLink）,已有智慧生活APP，加入后使用不错，不能忘吃药了。
j***7,2023-10-16 21:28:16,5,已购 标准款（微信提醒+同步家人）,外观设计漂亮，尺寸大小合适，包装仔细完整，宝贝手感不错，感觉很好，发货速度快，服务态度一流，给力！5星好评！
冯***g,2021-03-22 19:09:15,5,已购 标准款（微信提醒+同步家人）,很棒的智能设备，但也有很多细节上值得改进，比如定制化的服药时间-涉及到周末不一样的情况没搞懂如何设置。
小***歌,2020-07-11 20:36:32,5,已购 标准款（微信提醒+同步家人）,做工细腻 操作方便 提醒及时 手感特别好
如***4,2024-01-25 17:29:22,5,已购 ⭐升级款（支持HUAWEI HiLink）,非常好，时间也准确，操作很方便。
v***y,2021-08-08 15:09:50,5,已购 标准款（微信提醒+同步家人）,很好用，随身携带，按时提醒吃药
a***3,2023-04-18 17:26:32,5,已购 ⭐升级款（支持HUAWEI HiLink）,提示的很准时，不打开盖子会一直提示，很不错
4***6,2023-04-06 16:53:57,5,已购 标准款（微信提醒+同步家人）,买个奶奶用的，老是记不住吃药，买了这个以后每天就可以提醒她吃药，并且绑定手机以后可以看到是否吃药，很好🙂🙂🙂🙂🙂🙂🙂🙂🙂🙂🙂🙂
知***9,2022-04-13 22:46:51,5,已购 标准款（微信提醒+同步家人）,送货速度快，服务态度好。药盒可以按设定时间提醒，再也不怕错过吃药时间。
深***风,2024-05-14 13:16:11,5,已购 ⭐升级款（支持HUAWEI HiLink）,款式很大方，质量非常好，价钱也很合理跟我在实体店买的一模一样！还是一样的好用，开心
言***子,2021-11-10 16:25:44,5,已购 标准款（微信提醒+同步家人）,这个真的超级好用，解决了老妈吃药忘记的问题，不会少吃，也不会多吃
a***u,2023-03-21 22:40:04,5,已购 ⭐升级款（支持HUAWEI HiLink）,给父母买的，已经开始使用了。非常方便，还可以连接华为手机通过手机界面进行提醒。
酒***子,2020-06-02 16:33:34,5,已购 标准款（微信提醒+同步家人）,小药盒包装很高档，功能也挺齐全。 就是有点大，不是充电的
虾***3,2022-02-19 18:13:54,5,已购 标准款（微信提醒+同步家人）,对经常忘记服药的老人来说挺好用的，要是提示音再大点就更好了。
典***5,2025-06-15 23:38:21,5,已购 ⭐升级款（支持HUAWEI HiLink）,用了一段时间，真不错，再也不忘记吃药了
英***应,2022-09-03 08:56:27,5,已购 标准款（微信提醒+同步家人）,方便使用，容量大可装一周药量，主要提醒功能方便。
H***0,2024-12-02 17:52:40,5,已购 ⭐升级款（支持HUAWEI HiLink）,第二次购买，对于小糖人来说，确实方便
c***0,2021-07-22 08:55:11,5,已购 标准款（微信提醒+同步家人）,方便实用，带分格。
d***b,2026-05-16 20:02:46,5,已购 ⭐升级款（支持HUAWEI HiLink）,回购第二个了 好用有质感
我***D,2022-06-22 16:10:07,5,已购 ⭐升级款（支持HUAWEI HiLink）,不错，准时提醒吃药，就是这个提示音都听魔怔了，穿透力极强
飘渺行人,2026-04-09 15:28:59,5,已购 ⭐升级款（支持HUAWEI HiLink）,这东东质量不错用了觉得很方便
李***-,2021-09-29 13:29:43,5,已购 标准款（微信提醒+同步家人）,"很智能 很喜欢
但是储药仓可不可以质量优化一下 感觉时间长了会不太好用"
M***邪,2022-09-13 10:19:00,5,已购 ⭐升级款（支持HUAWEI HiLink）,提醒功能很好用，就是药盒的单盒小了点，希望有改善
j***0,2021-04-11 13:41:51,5,已购 标准款（微信提醒+同步家人）,药盒还不错，挺好用的，只是刚用了没几天盖子的轴承掉了，返厂维修了好几天。其他还好
阿***q,2021-07-17 21:46:44,3,已购 标准款（微信提醒+同步家人）,买贵了，买完没多久便宜了不少，不开心。还未使用，应该还可以
周***-,2021-11-08 16:53:50,5,已购 标准款（微信提醒+同步家人）,非常实用，提醒客服小姐姐，有问必答，非常感谢！非常实用，提醒小朋友自己选的，质量不错，孩子很喜欢
独***2,2025-06-23 14:15:08,5,已购 ⭐升级款（支持HUAWEI HiLink）,方便，轻巧，质量很好
青***子,2021-12-21 21:43:20,5,已购 标准款（微信提醒+同步家人）,挺好用的 ，定时提醒 ，还可以手机提醒，就是没有震动版
大***君,2021-08-12 09:48:51,5,已购 标准款（微信提醒+同步家人）,使用很方便，大小也合适，再也不用大瓶小瓶的带好几个了
j***a,2024-06-29 23:05:01,5,已购 标准款（微信提醒+同步家人）,很符合预期，适合几种药混合，时间周期不同的情况。
0***y,2022-01-02 08:26:20,5,已购 标准款（微信提醒+同步家人）,好评五星，智能小药盒使用方便，促销价买的性价比高。
O***O,2023-03-02 16:36:19,5,已购 ⭐升级款（支持HUAWEI HiLink）,收到货后第一次打开包装。我觉得质量比较好，和卖家描述一致。我很满意。物流公司服务态度好，发货速度快。
_***_,2021-01-11 10:56:40,5,已购 标准款（微信提醒+同步家人）,小巧精致，希望能够放开4格药物的限制，可以对4种以上种药物，或者4个时间段以上的服用提醒。
t***n,2022-11-06 18:38:43,5,已购 ⭐升级款（支持HUAWEI HiLink）,一手可握，方便携带，可以联动微信和华为手机，很方便
逍***仙,2022-03-09 11:39:18,5,已购 标准款（微信提醒+同步家人）,很不错的一款智能药盒 每天早上吃药全靠它了 只是时间有点误差
学***浩,2025-05-20 22:36:54,5,已购 ⭐升级款（支持HUAWEI HiLink）,提醒很准时，装的药也不少，恨好用，值得购买
j***t,2021-02-18 20:56:03,5,已购 标准款（微信提醒+同步家人）,挺方便的，和手机链接后可以按时提醒
健***贵,2021-06-22 17:24:48,5,已购 标准款（微信提醒+同步家人）,好用，每次都不会忘记吃药了，还能准确记得时间
7***g,2022-03-16 10:20:54,5,已购 标准款（微信提醒+同步家人）,因为要长期吃药，害怕忘记吃药时间，手机上可以设置闹钟，到点提醒，挺方便。
t***z,2022-09-15 13:49:43,5,已购 ⭐升级款（支持HUAWEI HiLink）,小巧精致 方便携带
a***y,2023-03-06 07:51:21,5,已购 ⭐升级款（支持HUAWEI HiLink）,质量不错，用起来挺舒服的，气味不重，推荐使用
j***M,2020-12-04 15:38:46,5,已购 标准款（微信提醒+同步家人）,小药盒非常好用，不会忘记吃药了
图***呀,2020-06-18 22:49:53,5,已购 标准款（微信提醒+同步家人）,吃药时间一到自动提醒，很不错
j***p,2025-08-23 07:22:20,5,已购 ⭐升级款（支持HUAWEI HiLink）,可以定时，与手机同步。提醒还是很方便的
张***悦,2020-07-22 18:52:36,5,已购 标准款（微信提醒+同步家人）,难得评论，确实非常好用，如果可能，材质再改进一下，就更让人期待了。
小***小,2021-12-11 20:55:43,5,已购 标准款（微信提醒+同步家人）,很好，最近需要吃药，这个药盒很好用还可以提醒我，不要忘记吃药，特别棒。
u***6,2023-01-31 09:18:54,5,已购 ⭐升级款（支持HUAWEI HiLink）,快递超快，包装严实。产品连接手机、设置用药时间操作方便。很好的一次购物体验。
土***呀,2021-01-31 09:14:36,5,已购 标准款（微信提醒+同步家人）,体积适中，携带方便。材质好。
M***娘,2023-11-10 13:28:37,5,已购 ⭐升级款（支持HUAWEI HiLink）,再也不怕忘记吃啦，智能提醒，推荐。
君***涛,2021-02-18 10:41:30,5,已购 标准款（微信提醒+同步家人）,很好。定时提醒，小程序功能也好，药片可以拍照不怕拿错
龚***农,2022-04-17 12:00:08,5,已购 标准款（微信提醒+同步家人）,产品质量很好，精致。
j***5,2021-01-25 14:56:39,5,已购 标准款（微信提醒+同步家人）,非常棒，可以提醒按时吃药，太方便了
j***j,2024-11-11 17:09:59,5,已购 ⭐升级款（支持HUAWEI HiLink）,质量很好 确实很智能 可以定时提醒 不错不错！
j***1,2021-03-21 11:32:23,5,已购 标准款（微信提醒+同步家人）,朋友介绍后买的，确实不错，功能强大，改变了老忘吃药的坏习惯，点赞👍🏻👍🏻👍🏻👍🏻👍🏻！
o***2,2020-07-27 10:51:07,5,已购 标准款（微信提醒+同步家人）,很实用的，可以提醒老人按时吃药，还方便携带
黄氏頭,2021-09-12 12:11:02,5,已购 标准款（微信提醒+同步家人）,智能药盒，提醒自己吃药，方便快捷，不用担心有问题了
g***c,2020-10-18 19:44:45,5,已购 标准款（微信提醒+同步家人）,可以根据自己的需求设定吃药时间，防止忘记吃药，很不错
禅***6,2025-12-26 20:19:36,5,已购 ⭐升级款（支持HUAWEI HiLink）,使用便捷.送货及时安全可靠.
x***5,2020-09-25 14:58:53,5,已购 标准款（微信提醒+同步家人）,不错很智能的一款药盒 能提醒吃药的时间
婷***W,2022-01-27 22:47:35,5,已购 标准款（微信提醒+同步家人）,看了好多款，最后选择的，果然很喜欢，也很实用，很不错的便携药盒
凹***州,2022-05-05 01:40:10,5,已购 标准款（微信提醒+同步家人）,非常好用，众筹时购买过，强烈推荐。如果增加切药格就更完美了
饭***十,2021-07-19 10:22:33,5,已购 标准款（微信提醒+同步家人）,挺不错的容量也够大，每天提醒吃药，完美。
来***4,2022-06-17 11:51:34,5,已购 ⭐升级款（支持HUAWEI HiLink）,质量不错，使用方便，便于携带，送货速度快，服务态度好。
S***7,2021-07-03 10:26:06,5,已购 标准款（微信提醒+同步家人）,容量还挺大的，降压药十天的药量轻松
o***9,2021-09-26 17:13:58,5,已购 标准款（微信提醒+同步家人）,非常智能，而且别人就不会知道你吃了什么保健品了，完美
u***g,2021-02-26 20:37:50,5,已购 标准款（微信提醒+同步家人）,药盒做工精细，智能连接提醒用药非常好用，理想购物！
h***4,2021-02-06 18:22:54,5,已购 标准款（微信提醒+同步家人）,商品质量不错，物流很快很给力，服务态度很好很满意，以后还买。商品质量不错，物流很快很给力，服务态度很好很满意，以后还买。商品质量不错，物流很快很给力，服务态度很好很满意，以后还买。
j***e,2021-08-02 17:39:04,5,已购 标准款（微信提醒+同步家人）,方便实用，药仓空间大，很好的服药助手。
塞罕常春,2026-03-12 19:37:29,5,已购 标准款（微信提醒+同步家人）,这东西真得挺简单用，也好设置。
p***m,2024-03-04 11:24:33,5,已购 ⭐升级款（支持HUAWEI HiLink）,购买的第二个药了，使用方便，时间设置好后每天按时提醒服药。
A***o,2021-03-14 11:15:32,5,已购 标准款（微信提醒+同步家人）,给老爹买的，提醒功能还不错，就是稍微大了点
京***推,2023-07-18 15:24:37,5,已购 ⭐升级款（支持HUAWEI HiLink）,东西收到了，正好赶上搞活动，物美价廉！一直在京东购物，物流速度快，质量有保证，服务态度好，大部分网购都在京东，相信京东，京东值得信赖
吹***5,2024-03-17 17:58:26,5,已购 ⭐升级款（支持HUAWEI HiLink）,非常好用，简单易用，心血管药一个月的，只装了一半，够大
z***4,2020-12-27 10:43:58,5,已购 标准款（微信提醒+同步家人）,很不错，里面也有盒盖，掉地上药也不会散掉了。
嗯***0,2022-09-02 13:24:16,5,已购 ⭐升级款（支持HUAWEI HiLink）,非常便利的好物，对我这种每天要吃五种药的人来说太方便了，很好！
顺***6,2022-05-07 03:48:35,5,已购 标准款（微信提醒+同步家人）,非常好，这下可以按时吃药了。老是忘记自己到底吃没吃药，总是忐忑不安的，这下非常整事了
j***f,2021-01-24 21:17:32,5,已购 标准款（微信提醒+同步家人）,质量不错，很高级的感觉。设置了四种药物提醒，都按时提醒了。
L***e,2021-10-26 15:16:20,5,已购 标准款（微信提醒+同步家人）,买来用了两天，非常好用，一直叫唤，想不吃都不行。
小***物,2021-08-28 12:10:20,5,已购 标准款（微信提醒+同步家人）,真的是方便快捷，提醒了总忘记吃药的困扰 按时吃药了
j***s,2021-04-26 14:18:29,5,已购 标准款（微信提醒+同步家人）,每天吃药不用担心了，手机上会提醒，药盒也会提醒，操作也很简单
爱***原,2022-08-19 15:40:59,5,已购 ⭐升级款（支持HUAWEI HiLink）,小小的盒子非常方便，很喜欢，没有味道，放心使用
P***s,2020-09-17 19:46:46,5,已购 标准款（微信提醒+同步家人）,提醒吃药这个功能非常好，小巧不占空间很方便。
江***人,2022-11-09 14:55:23,5,已购 标准款（微信提醒+同步家人）,比较满意，可以及时提醒吃药。建议完善下功能，药盒中可存放常备用药，不用设定吃药频率等信息
****兵,2023-02-28 09:48:18,5,已购 ⭐升级款（支持HUAWEI HiLink）,非常智能方便美观结实，使用简单
j***5,2023-01-09 20:46:30,5,已购 ⭐升级款（支持HUAWEI HiLink）,很好，有了智能提醒，再也不会忘了吃药
j***g,2020-08-09 08:18:44,5,已购 标准款（微信提醒+同步家人）,还不错，做工也很好，逻辑很人性化
j***a,2021-01-25 08:11:12,5,已购 标准款（微信提醒+同步家人）,设计合理，做工精细，使用方便。
6***2,2021-06-16 11:53:07,5,已购 标准款（微信提醒+同步家人）,慢性病患者的极佳用药助手，设定后到时即提醒吃药，老年人服药得到保证。
刀***e,2022-04-30 10:48:52,5,已购 ⭐升级款（支持HUAWEI HiLink）,设备很好用，一共有4个药格，按时间亮灯
S***y,2020-11-26 20:42:05,5,已购 标准款（微信提醒+同步家人）,需要长期服用药物，所以有了这个可以储存药物，还可以提醒服药，而且有记录。
j***m,2021-06-29 12:53:23,5,已购 标准款（微信提醒+同步家人）,很好用特别不错，物流快包装好东西也一级棒，很好用特别不错，物流快包装好东西也一级棒，很好用特别不错，物流快包装好东西也一级棒，
g***2,2021-02-13 07:45:48,5,已购 标准款（微信提醒+同步家人）,药盒大小合适，功能应该不错。
j***子,2022-07-28 13:43:40,5,已购 ⭐升级款（支持HUAWEI HiLink）,非常好，宝贝很高大上，质量很好，看上去就给人一种高级感，价格也合适，这次网购很愉快，大赞👍
然***陀,2022-11-14 19:08:51,5,已购 ⭐升级款（支持HUAWEI HiLink）,东西不错，就是隔间少了点，要是多几个就好了。
e***9,2025-01-06 13:25:53,5,已购 ⭐升级款（支持HUAWEI HiLink）,特别方便，再也不怕忘记吃药了。
Y***7,2023-08-03 08:25:46,5,已购 ⭐升级款（支持HUAWEI HiLink）,小巧便携，功能齐全，随身携带很好用。很喜欢
z***u,2023-09-30 17:38:41,5,已购 标准款（微信提醒+同步家人）,京东配送速度很快，东西质量也很不错，自营产品有保障，售后问题处理也很及时，会跟身边的人推荐，自己也会一直支持监督。
J***成,2021-08-22 20:11:00,5,已购 标准款（微信提醒+同步家人）,很小巧很高级，很方便
很***着,2021-12-05 23:39:47,5,已购 标准款（微信提醒+同步家人）,超级方便，避免了忘记喝药
何***8,2021-05-21 19:59:05,5,已购 标准款（微信提醒+同步家人）,很实用，有软件可以记录我什么时候吃的，再也不怕忘或者吃多了
E***x,2020-11-10 15:22:52,5,已购 标准款（微信提醒+同步家人）,挺方便的，放不放药都能用，设置好手机就有提醒
j***5,2020-11-22 22:40:47,5,已购 标准款（微信提醒+同步家人）,药盒收到了，挺不错，和介绍的一样，很方便，再也不怕忘记吃药了
u***i,2021-11-18 21:42:48,5,已购 标准款（微信提醒+同步家人）,吃药神器，很好用，病人的福利
d***b,2023-12-13 08:11:24,5,已购 ⭐升级款（支持HUAWEI HiLink）,非常不错，定时功能也很好，提醒很及时。值得购买。
8***2,2023-04-28 11:43:26,5,已购 标准款（微信提醒+同步家人）,正品，棒棒哒，价格很优惠，总而言之挺好的，还会再买
一***丶,2021-11-21 13:52:24,5,已购 标准款（微信提醒+同步家人）,很好用，绑定也很方便快捷
谁***独,2020-08-01 14:43:39,5,已购 标准款（微信提醒+同步家人）,挺好的，就是担心里面小格子的盖子用的久了会折
_***_,2022-04-23 12:08:45,5,已购 标准款（微信提醒+同步家人）,送货速度超级快，药盒用起来也方便，再也不用担心长辈忘记吃药了。
L***才,2024-12-22 19:56:28,5,已购 ⭐升级款（支持HUAWEI HiLink）,与app配合使用十分方便，大品牌值得信赖。
j***6,2021-12-10 11:42:06,5,已购 标准款（微信提醒+同步家人）,给外公买着提醒吃药的 很好用 适合记不得吃药的老年人。
j***y,2021-02-08 15:28:47,5,已购 标准款（微信提醒+同步家人）,东西还不错，手感还挺细腻的，就是盖子有点松动。
胖***主,2021-09-29 09:07:24,5,已购 标准款（微信提醒+同步家人）,不错，很智能，提醒自己吃药
9***1,2021-06-23 13:44:57,5,已购 标准款（微信提醒+同步家人）,使用方便，准时提醒，再也不会漏服了
2***9,2022-07-21 09:19:03,5,已购 ⭐升级款（支持HUAWEI HiLink）,东东非常好，使用非常方便，小巧时尚，非常喜欢
s***4,2021-12-03 16:38:55,5,已购 标准款（微信提醒+同步家人）,很好用，就是提示音略小，大点就好了。
j***b,2026-02-18 23:41:58,5,已购 标准款（微信提醒+同步家人）,特别好！终于有个能提醒吃药的了
野***星,2020-12-16 10:55:01,5,已购 标准款（微信提醒+同步家人）,东西还可以，但是不智能，如果提前吃药了，到设定的时间还是响铃，不太值这个价钱
你***它,2021-07-11 13:49:04,5,已购 标准款（微信提醒+同步家人）,特别好用的药盒，就是冲剂的没法放。
j***c,2022-10-14 17:46:42,5,已购 ⭐升级款（支持HUAWEI HiLink）,挺好用，会提醒，不打开药盒还会一直提醒
j***k,2023-12-11 19:53:39,5,已购 ⭐升级款（支持HUAWEI HiLink）,好用 非常方便了能及时提醒，这次不会再忘记吃药了
l***y,2023-12-24 20:43:40,5,已购 ⭐升级款（支持HUAWEI HiLink）,很方便，这下不会忘记吃药了
C***风,2021-04-14 17:34:19,5,已购 标准款（微信提醒+同步家人）,不错，挺实用的，电子感挺强的
k***o,2021-04-15 08:28:56,5,已购 标准款（微信提醒+同步家人）,提醒功能很高大上，不错的，方便实用
w***o,2022-01-03 22:40:51,5,已购 标准款（微信提醒+同步家人）,到了好多天啦，用起来挺方便的，就是提示音回很小
暴***吖,2023-02-24 17:14:11,5,已购 ⭐升级款（支持HUAWEI HiLink）,挺好的，用起来挺方便的，小小个也便携
w***o,2022-04-25 11:14:10,3,已购 ⭐升级款（支持HUAWEI HiLink）,还没打开包装，就听到电源提示音，感觉质量堪忧，后续体验再追评
水***A,2022-08-06 13:04:52,5,已购 ⭐升级款（支持HUAWEI HiLink）,发货很快，包装的很好，价格也特别实惠，还有这么多功效也是不错了，值得购买
多米诺诺诺,2026-01-28 08:32:25,5,已购 标准款（微信提醒+同步家人）,还行吧，有点用但不多，养成习惯或许有用
时***时,2021-10-15 14:19:53,5,已购 标准款（微信提醒+同步家人）,好用，方便，记性不好的设置以后到时提醒。就是四格太少了
朱***翯,2022-01-23 13:44:43,5,已购 标准款（微信提醒+同步家人）,非常实用，颜值高，功能好
j***h,2021-06-19 12:04:44,5,已购 标准款（微信提醒+同步家人）,赶上活动了，买了3个，老年人使用的不错。
祈***流,2022-04-28 13:16:04,5,已购 标准款（微信提醒+同步家人）,给家里人买的，比想象中要小巧！非常方便。
j***e,2021-03-16 14:32:07,5,已购 标准款（微信提醒+同步家人）,挺好的，很方便，四个格子，可以装很多
董***胡,2022-06-03 20:51:38,5,已购 ⭐升级款（支持HUAWEI HiLink）,非常实用的小药盒 能够提醒人们吃药！
M***海,2020-10-03 15:19:51,5,已购 标准款（微信提醒+同步家人）,东西挺有创意的也不错，就是感觉咋有人用过是的而且这质量实在是没话说，太差了
3***p,2021-03-13 19:57:38,5,已购 标准款（微信提醒+同步家人）,挺好用的，给老人提醒用降压药十分方便
小***乖,2022-09-19 09:56:46,5,已购 ⭐升级款（支持HUAWEI HiLink）,非常好用，用了一段时间了，感觉很好，用起来也很方便，很满意。
7***q,2021-05-10 20:43:10,5,已购 标准款（微信提醒+同步家人）,特别方便，还可以提醒，给老人用听好的
来***4,2022-06-16 18:26:32,5,已购 标准款（微信提醒+同步家人）,质量不错，使用方便，送货速度快，服务态度好。
D***g,2021-12-26 10:43:31,5,已购 标准款（微信提醒+同步家人）,小巧好用，吃完不用担心。
a***l,2020-12-12 11:30:35,5,已购 标准款（微信提醒+同步家人）,还不错，就是蓝牙版不是很人性化
j***h,2021-07-03 22:27:47,5,已购 标准款（微信提醒+同步家人）,挺好用的，操作简单，有了这个再也没有忘记吃药
u***b,2021-09-28 16:14:34,5,已购 标准款（微信提醒+同步家人）,好用，能定时服药，再不担心漏服用了
3***i,2020-08-24 10:16:53,5,已购 标准款（微信提醒+同步家人）,看着挺小巧的，还没使用，不过感觉应该不错
石***话,2020-09-19 11:23:25,5,已购 标准款（微信提醒+同步家人）,用了这么长时间来评价，很方便，设置好后按时提醒，手机也会提醒，好用。
j***☆,2025-05-24 07:33:56,5,已购 ⭐升级款（支持HUAWEI HiLink）,不错了，这下不用担心忘吃药了
玄***弓,2020-12-15 13:08:27,5,已购 标准款（微信提醒+同步家人）,还有提醒功能，非常适合出差。
韦***6,2020-07-31 12:38:32,5,已购 标准款（微信提醒+同步家人）,好用的，给领导买的。既贴心又高大上。喜欢这样的高科技东西。
j***4,2022-08-24 10:10:47,5,已购 标准款（微信提醒+同步家人）,送朋友的，当然自己也在用，这个可寻找药盒的功能真好
锦***昕,2020-12-10 13:17:08,5,已购 标准款（微信提醒+同步家人）,挺好用的，每天手机有多次提醒。这下忘不了吃药了
j***9,2022-05-09 19:28:18,5,已购 标准款（微信提醒+同步家人）,给老人买的，但愿好用，老人服药问题头大
疯***风,2023-12-03 10:43:08,5,已购 ⭐升级款（支持HUAWEI HiLink）,非常不错的一款产品，效果很好，非常满意，物流也很快
R***g,2021-08-21 18:10:17,5,已购 标准款（微信提醒+同步家人）,给我奶奶买的，还可以吧，提醒老人吃药。
H***0,2022-11-02 20:42:34,5,已购 ⭐升级款（支持HUAWEI HiLink）,小巧玲珑好用，自动报时提醒
家***意,2021-04-03 19:50:36,5,已购 标准款（微信提醒+同步家人）,小巧精致不错的小智能配件，期待使用效果
P***2,2022-09-12 12:54:41,5,已购 ⭐升级款（支持HUAWEI HiLink）,外观简约，使用简便。
l***0,2022-10-09 10:40:42,5,已购 ⭐升级款（支持HUAWEI HiLink）,很好用，平时都不按时食的。有了它准时了。
a***i,2021-07-03 21:11:35,5,已购 标准款（微信提醒+同步家人）,有效提醒，按时服药，效果明显
奶***泡,2021-01-08 13:27:12,5,已购 标准款（微信提醒+同步家人）,给妈妈买的，年纪大了总不记得吃药 有这个方便多了
阿***3,2023-12-29 19:08:43,5,已购 ⭐升级款（支持HUAWEI HiLink）,这个药盒不错，不会潮也不会变味。这个是复购第二个了。
李***窝,2022-03-22 21:06:54,5,已购 标准款（微信提醒+同步家人）,电池没电，自己买了一个，商家给退了6元，挺好
j***d,2021-02-05 12:30:57,5,已购 标准款（微信提醒+同步家人）,做工精细，好用
1***5,2021-06-06 09:28:53,5,已购 标准款（微信提醒+同步家人）,使用方便，送给老妈的，特别是外出的时候
卡***c,2024-08-24 02:15:04,5,已购 标准款（微信提醒+同步家人）,非常好用非常方便，老人特别喜欢
L***8,2022-11-07 20:18:27,5,已购 ⭐升级款（支持HUAWEI HiLink）,好评，科技感满满，提醒准确，大小合适
9***r,2022-02-04 11:13:05,5,已购 标准款（微信提醒+同步家人）,超好用，定时提醒，分四格子啦，容量大！
u***_,2022-08-24 08:16:40,5,已购 ⭐升级款（支持HUAWEI HiLink）,颜值高，提醒功能很赞
马***瑞,2022-07-23 16:01:28,5,已购 标准款（微信提醒+同步家人）,很好用的药盒，还可以当个闹钟用。
群***定,2024-02-20 02:01:39,5,已购 ⭐升级款（支持HUAWEI HiLink）,小巧轻便，非常便携，智能简约
d***k,2023-01-27 16:28:43,5,已购 ⭐升级款（支持HUAWEI HiLink）,基本功能还可以，智能程度不够
x***s,2022-01-17 18:22:36,5,已购 标准款（微信提醒+同步家人）,非常方便，非常好用，提醒效果好
谁***荡,2021-11-29 11:58:10,5,已购 标准款（微信提醒+同步家人）,使用方便，再也不担心忘记吃药了！
w***u,2021-06-14 14:01:06,5,已购 标准款（微信提醒+同步家人）,更方便，老人有它提醒不会忘吃药了
z***3,2025-03-01 19:10:27,5,已购 标准款（微信提醒+同步家人）,精致小巧，以后携带方便了
l***u,2021-01-27 13:41:10,5,已购 标准款（微信提醒+同步家人）,智能、适用，质量不错，值得购买。
肤***者,2021-06-23 09:36:05,5,已购 标准款（微信提醒+同步家人）,很不错，方便实用，智能提醒，赞👍
3***9,2024-09-06 14:09:49,5,已购 ⭐升级款（支持HUAWEI HiLink）,非常好，很适用，性价比高，送货速度快！
闫***8,2022-06-25 19:30:17,5,已购 标准款（微信提醒+同步家人）,提示效果不错，适合外出携带
k***7,2020-07-21 19:32:26,5,已购 标准款（微信提醒+同步家人）,很好用，提示起来跟人性，还可以把服药记录分享给家人。
